,0
0,0.8199999816715717
1,0.05999999865889549
2,0.11999999731779099
3,0.23999999463558197
4,0.5299999881535769
5,0.0
6,0.14999999664723873
7,0.2699999939650297
8,0.3499999921768904
9,0.09999999776482582
10,0.4599999897181988
11,0.6199999861419201
12,0.0
13,0.9399999789893627
14,0.6499999854713678
15,0.5299999881535769
16,0.9699999783188105
17,1.8699999582022429
18,1.4799999669194221
19,0.0
20,0.8199999816715717
21,0.1099999975413084
22,0.0
23,0.4399999901652336
24,0.1699999962002039
25,0.0
26,0.5299999881535769
27,0.669999985024333
28,0.6499999854713678
29,0.18999999575316906
30,0.40999999083578587
31,0.8799999803304672
32,0.18999999575316906
33,1.0399999767541885
34,1.4499999675899744
35,0.20999999530613422
36,1.2099999729543924
37,1.2799999713897705
38,0.19999999552965164
39,0.3799999915063381
40,0.5299999881535769
41,0.9499999787658453
42,0.29999999329447746
43,0.5899999868124723
44,0.5099999886006117
45,0.35999999195337296
46,0.3499999921768904
47,0.4399999901652336
48,0.7199999839067459
49,0.8399999812245369
50,0.5099999886006117
51,0.5299999881535769
52,0.08999999798834324
53,0.09999999776482582
54,0.669999985024333
55,0.0
56,0.2199999950826168
57,0.3199999928474426
58,0.8299999814480543
59,0.4599999897181988
60,0.9999999776482582
61,0.1699999962002039
62,0.3999999910593033
63,0.7199999839067459
64,0.6599999852478504
65,1.149999974295497
66,1.1299999747425318
67,0.3399999924004078
68,0.8199999816715717
69,0.24999999441206455
70,0.029999999329447746
71,1.3599999696016312
72,0.3799999915063381
73,0.5699999872595072
74,0.3299999926239252
75,0.6499999854713678
76,0.5699999872595072
77,0.7399999834597111
78,1.8499999586492777
79,0.29999999329447746
80,1.149999974295497
81,0.3799999915063381
82,0.4399999901652336
83,0.03999999910593033
84,0.6199999861419201
85,0.40999999083578587
86,0.06999999843537807
87,0.7599999830126762
88,0.0
89,0.36999999172985554
90,0.29999999329447746
91,0.2299999948590994
92,0.36999999172985554
93,0.3199999928474426
94,0.9599999785423279
95,0.549999987706542
96,0.5799999870359898
97,0.0
98,1.409999968484044
99,0.8199999816715717
100,0.3499999921768904
101,0.789999982342124
102,1.2099999729543924
103,0.1599999964237213
104,0.8399999812245369
105,0.7399999834597111
106,1.3499999698251486
107,0.24999999441206455
108,1.3799999691545963
109,0.8099999818950891
110,0.6199999861419201
111,1.6799999624490738
112,0.3199999928474426
113,1.3699999693781137
114,0.46999998949468136
115,1.6099999640136957
116,1.3999999687075615
117,0.2699999939650297
118,0.9499999787658453
119,0.9599999785423279
120,3.089999930933118
121,0.7099999841302633
122,0.789999982342124
123,0.9999999776482582
124,2.1599999517202377
125,0.6199999861419201
126,0.8499999810010195
127,0.3399999924004078
128,2.7899999376386404
129,1.269999971613288
130,1.219999972730875
131,1.7499999608844519
132,1.1099999751895666
133,0.3799999915063381
134,1.7899999599903822
135,1.6199999637901783
136,0.8199999816715717
137,2.74999993853271
138,2.869999935850501
139,0.7199999839067459
140,2.3599999472498894
141,3.6199999190866947
142,2.029999954625964
143,2.3099999483674765
144,0.3499999921768904
145,2.199999950826168
146,2.059999953955412
147,1.9199999570846558
148,0.4499999899417162
149,1.0799999758601189
150,3.1999999284744263
151,2.299999948590994
152,1.9699999559670687
153,3.249999927356839
154,0.8699999805539846
155,1.5199999660253525
156,2.459999945014715
157,4.789999892935157
158,2.1399999521672726
159,0.5399999879300594
160,2.74999993853271
161,3.539999920874834
162,0.9899999778717756
163,2.249999949708581
164,0.08999999798834324
165,1.5699999649077654
166,1.029999976977706
167,1.7199999615550041
168,1.1899999734014273
169,3.779999915510416
170,1.1399999745190144
171,1.5399999655783176
172,2.0999999530613422
173,2.0899999532848597
174,1.6599999628961086
175,2.299999948590994
176,1.4199999682605267
177,1.6699999626725912
178,1.9799999557435513
179,1.3999999687075615
180,1.1299999747425318
181,2.1899999510496855
182,2.7399999387562275
183,1.8099999595433474
184,1.2599999718368053
185,2.4699999447911978
186,1.2999999709427357
187,1.8699999582022429
188,1.0399999767541885
189,1.269999971613288
190,0.4599999897181988
191,0.23999999463558197
192,3.3199999257922173
193,2.8599999360740185
194,1.889999957755208
195,3.1699999291449785
196,3.3799999244511127
197,0.7499999832361937
198,1.4999999664723873
199,2.1399999521672726
200,1.4699999671429396
201,2.4799999445676804
202,1.2599999718368053
203,2.849999936297536
204,2.7699999380856752
205,2.009999955072999
206,2.3299999479204416
207,1.6099999640136957
208,1.3099999707192183
209,2.029999954625964
210,2.0699999537318945
211,2.1699999514967203
212,0.5999999865889549
213,2.7899999376386404
214,0.7599999830126762
215,2.6199999414384365
216,0.9599999785423279
217,0.5299999881535769
218,2.5199999436736107
219,0.549999987706542
220,0.8999999798834324
221,1.1999999731779099
222,2.4699999447911978
223,0.4999999888241291
224,3.7399999164044857
225,2.5899999421089888
226,0.5599999874830246
227,3.399999924004078
228,3.7499999161809683
229,1.4299999680370092
230,1.7599999606609344
231,3.399999924004078
232,0.09999999776482582
233,2.629999941214919
234,2.779999937862158
235,1.8299999590963125
236,1.4299999680370092
237,3.6999999172985554
238,1.0499999765306711
239,1.1799999736249447
240,3.539999920874834
241,2.699999939650297
242,1.8599999584257603
243,0.7099999841302633
244,2.389999946579337
245,1.1799999736249447
246,1.50999996624887
247,1.4999999664723873
248,0.5199999883770943
249,2.43999994546175
250,3.589999919757247
251,1.6699999626725912
252,1.1099999751895666
253,2.029999954625964
254,1.029999976977706
255,0.7499999832361937
256,2.029999954625964
257,1.1199999749660492
258,2.9299999345093966
259,1.3799999691545963
260,3.4099999237805605
261,1.6899999622255564
262,1.649999963119626
263,0.14999999664723873
264,1.769999960437417
265,2.009999955072999
266,3.3099999260157347
267,1.3799999691545963
268,1.289999971166253
269,1.8099999595433474
270,2.339999947696924
271,3.4399999231100082
272,0.9299999792128801
273,2.3999999463558197
274,1.6899999622255564
275,1.959999956190586
276,5.4199998788535595
277,1.6899999622255564
278,3.1499999295920134
279,3.01999993249774
280,1.9499999564141035
281,2.199999950826168
282,2.339999947696924
283,1.2999999709427357
284,3.6699999179691076
285,1.7299999613314867
286,2.009999955072999
287,3.969999911263585
288,1.2999999709427357
289,2.7699999380856752
290,1.6599999628961086
291,0.6999999843537807
292,1.1999999731779099
293,3.539999920874834
294,3.3599999248981476
295,2.43999994546175
296,2.6699999403208494
297,3.249999927356839
298,3.539999920874834
299,2.249999949708581
300,3.589999919757247
301,2.1699999514967203
302,2.869999935850501
303,1.839999958872795
304,2.539999943226576
305,2.3599999472498894
306,1.81999995931983
307,1.9099999573081732
308,2.2099999506026506
309,1.7499999608844519
310,3.2199999280273914
311,2.1399999521672726
312,2.7199999392032623
313,2.679999940097332
314,2.8099999371916056
315,4.779999893158674
316,4.019999910145998
317,2.149999951943755
318,3.5499999206513166
319,3.1999999284744263
320,3.1899999286979437
321,3.9599999114871025
322,2.539999943226576
323,2.9499999340623617
324,1.939999956637621
325,3.209999928250909
326,2.849999936297536
327,3.9899999108165503
328,2.9299999345093966
329,3.449999922886491
330,2.9299999345093966
331,2.389999946579337
332,3.7499999161809683
333,3.449999922886491
334,3.7899999152868986
335,3.2899999264627695
336,1.959999956190586
337,5.209999883547425
338,4.429999900981784
339,2.199999950826168
340,3.9599999114871025
341,3.3799999244511127
342,2.7399999387562275
343,3.8399999141693115
344,2.629999941214919
345,2.919999934732914
346,3.4399999231100082
347,3.3799999244511127
348,4.819999892264605
349,3.609999919310212
350,2.4699999447911978
351,2.419999945908785
352,2.9999999329447746
353,2.5899999421089888
354,3.05999993160367
355,4.459999900311232
356,3.67999991774559
357,4.169999906793237
358,2.5499999430030584
359,3.4999999217689037
360,3.449999922886491
361,2.9299999345093966
362,2.9499999340623617
363,4.539999898523092
364,4.479999899864197
365,3.0999999307096004
366,4.889999890699983
367,2.0199999548494816
368,2.199999950826168
369,3.3099999260157347
370,5.839999869465828
371,3.349999925121665
372,3.0499999318271875
373,2.389999946579337
374,2.9499999340623617
375,5.699999872595072
376,3.689999917522073
377,3.3799999244511127
378,2.7099999394267797
379,4.129999907687306
380,3.5999999195337296
381,4.4399999007582664
382,3.1699999291449785
383,3.2899999264627695
384,3.4399999231100082
385,4.859999891370535
386,3.659999918192625
387,3.399999924004078
388,3.589999919757247
389,4.959999889135361
390,3.3899999242275953
391,2.4099999461323023
392,2.5999999418854713
393,2.4499999452382326
394,2.629999941214919
395,1.7399999611079693
396,3.9299999121576548
397,4.539999898523092
398,3.8399999141693115
399,4.669999895617366
400,4.519999898970127
401,5.489999877288938
402,3.3299999255687
403,5.489999877288938
404,4.1999999061226845
405,3.109999930486083
406,4.179999906569719
407,4.129999907687306
408,4.549999898299575
409,5.409999879077077
410,2.7399999387562275
411,4.6299998965114355
412,3.159999929368496
413,5.6599998734891415
414,4.899999890476465
415,2.6899999398738146
416,3.1899999286979437
417,6.559999853372574
418,3.569999920204282
419,2.1199999526143074
420,2.6199999414384365
421,3.8199999146163464
422,8.059999819844961
423,3.469999922439456
424,5.359999880194664
425,4.689999895170331
426,5.399999879300594
427,4.929999889805913
428,3.469999922439456
429,4.6299998965114355
430,3.879999913275242
431,4.729999894276261
432,2.9499999340623617
433,5.869999868795276
434,2.8299999367445707
435,2.9499999340623617
436,4.649999896064401
437,4.679999895393848
438,6.559999853372574
439,4.759999893605709
440,4.679999895393848
441,2.5699999425560236
442,3.1899999286979437
443,3.3799999244511127
444,3.5799999199807644
445,4.689999895170331
446,5.749999871477485
447,3.159999929368496
448,2.6399999409914017
449,5.49999987706542
450,6.34999985806644
451,3.969999911263585
452,3.899999912828207
453,3.659999918192625
454,4.049999909475446
455,4.9899998884648085
456,3.1899999286979437
457,2.349999947473407
458,3.039999932050705
459,3.9299999121576548
460,7.4299998339265585
461,1.5399999655783176
462,6.229999860748649
463,5.329999880865216
464,3.4299999233335257
465,3.279999926686287
466,3.6999999172985554
467,6.719999849796295
468,3.399999924004078
469,5.599999874830246
470,5.439999878406525
471,3.8399999141693115
472,3.039999932050705
473,2.8099999371916056
474,1.5499999653548002
475,5.559999875724316
476,4.699999894946814
477,3.9099999126046896
478,4.119999907910824
479,6.849999846890569
480,3.399999924004078
481,5.909999867901206
482,3.919999912381172
483,5.0599998869001865
484,5.049999887123704
485,5.219999883323908
486,5.159999884665012
487,1.9999999552965164
488,2.869999935850501
489,2.229999950155616
490,2.9299999345093966
491,3.4099999237805605
492,3.419999923557043
493,2.1699999514967203
494,3.3899999242275953
495,2.919999934732914
496,6.479999855160713
497,2.299999948590994
498,2.4799999445676804
499,3.0999999307096004
500,2.5199999436736107
501,3.7399999164044857
502,3.8399999141693115
503,3.5999999195337296
504,4.91999989002943
505,3.659999918192625
506,1.8599999584257603
507,3.8099999148398638
508,4.449999900534749
509,3.229999927803874
510,3.8199999146163464
511,2.4299999456852674
512,2.849999936297536
513,4.089999908581376
514,4.7499998938292265
515,2.8799999356269836
516,2.7199999392032623
517,4.189999906346202
518,3.4799999222159386
519,2.509999943897128
520,4.019999910145998
521,4.419999901205301
522,4.8799998909235
523,7.379999835044146
524,3.7499999161809683
525,4.599999897181988
526,3.6999999172985554
527,2.8599999360740185
528,3.0999999307096004
529,1.9199999570846558
530,2.339999947696924
531,2.74999993853271
532,2.969999933615327
533,6.73999984934926
534,3.849999913945794
535,5.489999877288938
536,3.9299999121576548
537,2.869999935850501
538,4.619999896734953
539,4.899999890476465
540,3.5099999215453863
541,2.7199999392032623
542,3.2199999280273914
543,2.679999940097332
544,5.219999883323908
545,4.159999907016754
546,3.8599999137222767
547,4.679999895393848
548,5.549999875947833
549,3.4599999226629734
550,1.959999956190586
551,3.5799999199807644
552,4.139999907463789
553,7.0699998419731855
554,6.489999854937196
555,3.829999914392829
556,2.4099999461323023
557,3.0499999318271875
558,3.7899999152868986
559,4.069999909028411
560,3.589999919757247
561,3.849999913945794
562,3.829999914392829
563,4.56999989785254
564,3.709999917075038
565,5.799999870359898
566,3.469999922439456
567,3.879999913275242
568,4.5099998991936445
569,4.289999904111028
570,2.109999952837825
571,2.609999941661954
572,2.6899999398738146
573,4.1999999061226845
574,6.489999854937196
575,5.549999875947833
576,2.389999946579337
577,4.109999908134341
578,3.089999930933118
579,6.199999861419201
580,2.9099999349564314
581,3.05999993160367
582,2.7399999387562275
583,3.3899999242275953
584,5.909999867901206
585,2.779999937862158
586,3.179999928921461
587,2.969999933615327
588,5.019999887794256
589,3.9399999119341373
590,4.709999894723296
591,4.029999909922481
592,2.9599999338388443
593,3.5099999215453863
594,4.419999901205301
595,3.4299999233335257
596,4.459999900311232
597,4.959999889135361
598,4.719999894499779
599,5.099999886006117
600,6.3999998569488525
601,4.8799998909235
602,5.099999886006117
603,4.4399999007582664
604,2.419999945908785
605,4.52999989874661
606,2.939999934285879
607,3.2399999275803566
608,3.5799999199807644
609,3.249999927356839
610,3.449999922886491
611,3.969999911263585
612,3.5099999215453863
613,5.5399998761713505
614,3.1899999286979437
615,4.60999989695847
616,4.60999989695847
617,3.899999912828207
618,4.979999888688326
619,5.2999998815357685
620,2.539999943226576
621,3.9099999126046896
622,4.649999896064401
623,4.8799998909235
624,3.589999919757247
625,4.649999896064401
626,8.919999800622463
627,7.099999841302633
628,4.209999905899167
629,5.309999881312251
630,3.3799999244511127
631,4.8799998909235
632,3.3899999242275953
633,3.7499999161809683
634,4.399999901652336
635,3.279999926686287
636,6.229999860748649
637,3.229999927803874
638,5.859999869018793
639,2.229999950155616
640,1.529999965801835
641,3.9799999110400677
642,5.279999881982803
643,4.649999896064401
644,6.989999843761325
645,5.219999883323908
646,5.599999874830246
647,6.6399998515844345
648,4.559999898076057
649,6.299999859184027
650,6.569999853149056
651,5.819999869912863
652,3.009999932721257
653,4.129999907687306
654,5.049999887123704
655,4.359999902546406
656,4.889999890699983
657,6.799999848008156
658,4.429999900981784
659,2.579999942332506
660,2.7099999394267797
661,2.8099999371916056
662,4.009999910369515
663,2.8299999367445707
664,4.91999989002943
665,4.109999908134341
666,5.45999987795949
667,5.939999867230654
668,4.769999893382192
669,3.0799999311566353
670,5.379999879747629
671,2.2199999503791332
672,2.5299999434500933
673,3.5799999199807644
674,3.799999915063381
675,5.629999874159694
676,6.019999865442514
677,4.419999901205301
678,3.7899999152868986
679,5.49999987706542
680,2.6699999403208494
681,3.6499999184161425
682,8.819999802857637
683,3.0299999322742224
684,2.919999934732914
685,3.3799999244511127
686,2.8799999356269836
687,4.229999905452132
688,3.3799999244511127
689,0.5799999870359898
690,2.12999995239079
691,3.039999932050705
692,4.109999908134341
693,6.3999998569488525
694,4.29999990388751
695,6.069999864324927
696,6.0899998638778925
697,7.689999828115106
698,3.519999921321869
699,6.019999865442514
700,5.599999874830246
701,5.509999876841903
702,2.9099999349564314
703,3.5299999210983515
704,7.419999834150076
705,4.449999900534749
706,3.7899999152868986
707,4.619999896734953
708,5.629999874159694
709,4.709999894723296
710,4.669999895617366
711,4.759999893605709
712,7.809999825432897
713,4.91999989002943
714,5.399999879300594
715,4.929999889805913
716,3.879999913275242
717,3.63999991863966
718,2.7899999376386404
719,6.4299998562783
720,4.149999907240272
721,4.639999896287918
722,3.9799999110400677
723,5.089999886229634
724,5.739999871701002
725,4.56999989785254
726,5.1099998857825994
727,4.599999897181988
728,6.729999849572778
729,4.539999898523092
730,4.60999989695847
731,1.5499999653548002
732,5.269999882206321
733,5.159999884665012
734,3.6299999188631773
735,7.6699998285621405
736,4.899999890476465
737,6.609999852254987
738,2.819999936968088
739,4.959999889135361
740,2.5299999434500933
741,6.5199998542666435
742,5.999999865889549
743,5.799999870359898
744,5.7299998719245195
745,4.449999900534749
746,6.3299998585134745
747,3.9899999108165503
748,5.749999871477485
749,8.109999818727374
750,2.819999936968088
751,3.9599999114871025
752,3.759999915957451
753,6.839999847114086
754,3.539999920874834
755,4.769999893382192
756,9.379999790340662
757,5.1099998857825994
758,8.009999820962548
759,5.629999874159694
760,2.4999999441206455
761,5.449999878183007
762,3.8899999130517244
763,2.489999944344163
764,5.789999870583415
765,5.529999876394868
766,2.4299999456852674
767,3.0499999318271875
768,4.799999892711639
769,7.409999834373593
770,4.489999899640679
771,7.93999982252717
772,5.4199998788535595
773,3.1999999284744263
774,8.189999816939235
775,4.579999897629023
776,6.139999862760305
777,6.069999864324927
778,4.909999890252948
779,3.3599999248981476
780,5.829999869689345
781,3.8099999148398638
782,4.669999895617366
783,4.699999894946814
784,8.889999801293015
785,10.239999771118164
786,7.089999841526151
787,8.32999981380999
788,5.889999868348241
789,5.629999874159694
790,3.6199999190866947
791,4.639999896287918
792,5.6599998734891415
793,6.489999854937196
794,3.0999999307096004
795,9.94999977760017
796,5.209999883547425
797,3.7399999164044857
798,4.419999901205301
799,5.22999988310039
800,5.509999876841903
801,3.709999917075038
802,5.1799998842179775
803,7.6699998285621405
804,8.74999980442226
805,3.179999928921461
806,7.999999821186066
807,4.9899998884648085
808,7.199999839067459
809,9.05999979749322
810,4.819999892264605
811,4.979999888688326
812,4.339999902993441
813,4.129999907687306
814,7.799999825656414
815,3.589999919757247
816,4.1999999061226845
817,4.859999891370535
818,7.769999826326966
819,5.359999880194664
820,5.709999872371554
821,6.799999848008156
822,6.499999854713678
823,8.889999801293015
824,9.359999790787697
825,4.379999902099371
826,5.269999882206321
827,4.539999898523092
828,5.429999878630042
829,9.969999777153134
830,4.5099998991936445
831,4.499999899417162
832,3.919999912381172
833,4.159999907016754
834,5.689999872818589
835,7.649999829009175
836,3.9799999110400677
837,4.3199999034404755
838,2.009999955072999
839,5.379999879747629
840,6.309999858960509
841,3.7199999168515205
842,15.319999657571316
843,7.569999830797315
844,8.719999805092812
845,4.60999989695847
846,7.749999826774001
847,8.24999981559813
848,8.2099998164922
849,5.2999998815357685
850,9.039999797940254
851,5.1799998842179775
852,6.69999985024333
853,4.8699998911470175
854,9.149999795481563
855,2.6399999409914017
856,7.849999824538827
857,7.469999833032489
858,6.049999864771962
859,5.1099998857825994
860,8.469999810680747
861,5.139999885112047
862,4.56999989785254
863,6.269999859854579
864,6.5199998542666435
865,5.869999868795276
866,5.619999874383211
867,2.419999945908785
868,4.419999901205301
869,3.2699999269098043
870,6.96999984420836
871,8.579999808222055
872,3.8399999141693115
873,9.09999979659915
874,10.019999776035547
875,3.5799999199807644
876,5.579999875277281
877,5.489999877288938
878,6.779999848455191
879,4.679999895393848
880,7.369999835267663
881,10.889999756589532
882,13.199999704957008
883,5.389999879524112
884,7.649999829009175
885,5.9699998665601015
886,7.729999827221036
887,5.029999887570739
888,6.059999864548445
889,8.119999818503857
890,4.9399998895823956
891,5.929999867454171
892,8.089999819174409
893,5.369999879971147
894,7.04999984242022
895,7.269999837502837
896,5.269999882206321
897,1.459999967366457
898,5.319999881088734
899,4.25999990478158
900,4.369999902322888
901,5.9699998665601015
902,2.989999933168292
903,5.679999873042107
904,5.919999867677689
905,4.8699998911470175
906,12.129999728873372
907,5.469999877735972
908,6.509999854490161
909,3.7699999157339334
910,6.359999857842922
911,7.379999835044146
912,4.029999909922481
913,9.599999785423279
914,4.519999898970127
915,5.209999883547425
916,7.149999840185046
917,6.9499998446553946
918,5.879999868571758
919,8.359999813139439
920,6.299999859184027
921,4.3199999034404755
922,6.769999848678708
923,5.6099998746067286
924,8.859999801963568
925,6.649999851360917
926,8.859999801963568
927,2.4099999461323023
928,5.169999884441495
929,8.719999805092812
930,7.7399998269975185
931,9.13999979570508
932,9.71999978274107
933,4.489999899640679
934,4.849999891594052
935,4.6299998965114355
936,9.399999789893627
937,11.029999753460288
938,8.2099998164922
939,7.369999835267663
940,7.5499998312443495
941,7.35999983549118
942,5.169999884441495
943,8.679999805986881
944,5.709999872371554
945,5.819999869912863
946,8.82999980263412
947,8.759999804198742
948,3.159999929368496
949,8.109999818727374
950,3.6499999184161425
951,4.83999989181757
952,3.1199999302625656
953,12.049999730661511
954,11.259999748319387
955,5.469999877735972
956,8.429999811574817
957,18.619999583810568
958,3.2399999275803566
959,11.03999975323677
960,4.589999897405505
961,7.7899998258799314
962,10.679999761283398
963,4.56999989785254
964,11.649999739602208
965,8.059999819844961
966,10.099999774247408
967,12.27999972552061
968,10.839999757707119
969,4.959999889135361
970,3.67999991774559
971,8.449999811127782
972,7.969999821856618
973,8.299999814480543
974,8.549999808892608
975,5.019999887794256
976,4.819999892264605
977,6.609999852254987
978,2.4499999452382326
979,9.159999795258045
980,11.239999748766422
981,4.639999896287918
982,4.059999909251928
983,8.779999803751707
984,2.659999940544367
985,5.509999876841903
986,9.749999782070518
987,4.979999888688326
988,6.249999860301614
989,6.34999985806644
990,9.13999979570508
991,5.319999881088734
992,7.829999824985862
993,12.399999722838402
994,7.6199998296797276
995,7.1899998392909765
996,9.919999778270721
997,10.329999769106507
998,12.839999713003635
999,11.469999743625522
1000,16.83999962359667
1001,13.389999700710177
1002,6.07999986410141
1003,9.859999779611826
1004,5.079999886453152
1005,5.209999883547425
1006,5.069999886676669
1007,8.649999806657434
1008,8.039999820291996
1009,8.82999980263412
1010,8.929999800398946
1011,5.949999867007136
1012,7.349999835714698
1013,7.479999832808971
1014,10.559999763965607
1015,9.299999792128801
1016,7.35999983549118
1017,7.329999836161733
1018,6.619999852031469
1019,9.649999784305692
1020,7.58999983035028
1021,9.649999784305692
1022,7.89999982342124
1023,7.299999836832285
1024,8.049999820068479
1025,4.409999901428819
1026,10.719999760389328
1027,8.78999980352819
1028,4.789999892935157
1029,3.589999919757247
1030,9.169999795034528
1031,7.169999839738011
1032,14.609999673441052
1033,4.649999896064401
1034,13.179999705404043
1035,10.129999773576856
1036,5.169999884441495
1037,2.2799999490380287
1038,4.309999903663993
1039,9.909999778494239
1040,7.269999837502837
1041,4.349999902769923
1042,19.66999956034124
1043,4.60999989695847
1044,10.509999765083194
1045,4.669999895617366
1046,10.019999776035547
1047,6.539999853819609
1048,10.799999758601189
1049,7.579999830573797
1050,6.579999852925539
1051,7.999999821186066
1052,6.649999851360917
1053,12.149999728426337
1054,4.649999896064401
1055,3.569999920204282
1056,5.76999987103045
1057,2.9999999329447746
1058,6.96999984420836
1059,9.049999797716737
1060,8.679999805986881
1061,5.819999869912863
1062,7.209999838843942
1063,9.149999795481563
1064,9.589999785646796
1065,6.239999860525131
1066,5.9699998665601015
1067,8.679999805986881
1068,6.789999848231673
1069,8.039999820291996
1070,11.069999752566218
1071,8.259999815374613
1072,8.619999807327986
1073,8.729999804869294
1074,12.19999972730875
1075,16.549999630078673
1076,11.449999744072556
1077,5.699999872595072
1078,7.839999824762344
1079,7.689999828115106
1080,7.219999838620424
1081,7.039999842643738
1082,10.589999763295054
1083,4.469999900087714
1084,5.309999881312251
1085,13.379999700933695
1086,14.699999671429396
1087,7.089999841526151
1088,14.199999682605267
1089,9.739999782294035
1090,7.959999822080135
1091,5.4199998788535595
1092,6.589999852702022
1093,7.00999984331429
1094,8.059999819844961
1095,6.509999854490161
1096,9.809999780729413
1097,6.03999986499548
1098,7.649999829009175
1099,9.659999784082174
1100,9.669999783858657
1101,10.139999773353338
1102,10.699999760836363
1103,3.3299999255687
1104,10.489999765530229
1105,11.76999973692
1106,7.559999831020832
1107,12.499999720603228
1108,10.939999755471945
1109,7.329999836161733
1110,5.579999875277281
1111,4.409999901428819
1112,7.299999836832285
1113,10.929999755695462
1114,10.99999975413084
1115,5.879999868571758
1116,8.849999802187085
1117,4.549999898299575
1118,10.359999768435955
1119,5.579999875277281
1120,6.509999854490161
1121,8.009999820962548
1122,10.539999764412642
1123,7.989999821409583
1124,6.539999853819609
1125,6.899999845772982
1126,9.919999778270721
1127,6.959999844431877
1128,10.549999764189124
1129,8.919999800622463
1130,9.279999792575836
1131,6.269999859854579
1132,5.079999886453152
1133,11.209999749436975
1134,13.109999706968665
1135,8.639999806880951
1136,3.7499999161809683
1137,8.179999817162752
1138,7.459999833256006
1139,4.679999895393848
1140,6.539999853819609
1141,11.179999750107527
1142,9.849999779835343
1143,13.509999698027968
1144,10.329999769106507
1145,13.499999698251486
1146,10.10999977402389
1147,7.7899998258799314
1148,9.979999776929617
1149,7.959999822080135
1150,7.089999841526151
1151,7.879999823868275
1152,8.529999809339643
1153,2.7399999387562275
1154,6.539999853819609
1155,10.60999976284802
1156,5.49999987706542
1157,9.09999979659915
1158,4.599999897181988
1159,6.73999984934926
1160,4.889999890699983
1161,7.419999834150076
1162,8.219999816268682
1163,6.07999986410141
1164,6.179999861866236
1165,10.639999762177467
1166,7.339999835938215
1167,8.369999812915921
1168,6.11999986320734
1169,7.079999841749668
1170,5.389999879524112
1171,4.069999909028411
1172,10.60999976284802
1173,11.669999739155173
1174,6.839999847114086
1175,5.429999878630042
1176,6.509999854490161
1177,6.489999854937196
1178,6.749999849125743
1179,12.169999727979302
1180,12.049999730661511
1181,6.809999847784638
1182,9.499999787658453
1183,5.869999868795276
1184,12.229999726638198
1185,7.289999837055802
1186,6.2099998611956835
1187,6.299999859184027
1188,4.8799998909235
1189,5.089999886229634
1190,8.4399998113513
1191,4.499999899417162
1192,8.2099998164922
1193,11.899999734014273
1194,2.3099999483674765
1195,6.889999845996499
1196,11.019999753683805
1197,10.289999770000577
1198,11.34999974630773
1199,10.209999771788716
1200,9.329999791458249
1201,4.969999888911843
1202,8.879999801516533
1203,4.949999889358878
1204,11.679999738931656
1205,6.3299998585134745
1206,8.679999805986881
1207,8.309999814257026
1208,10.95999975502491
1209,11.61999974027276
1210,15.769999647513032
1211,5.479999877512455
1212,9.149999795481563
1213,20.509999541565776
1214,18.31999959051609
1215,9.789999781176448
1216,11.869999734684825
1217,12.929999710991979
1218,19.419999565929174
1219,13.529999697580934
1220,9.969999777153134
1221,8.319999814033508
1222,5.429999878630042
1223,11.829999735578895
1224,15.129999661818147
1225,11.729999737814069
1226,9.519999787211418
1227,7.719999827444553
1228,9.049999797716737
1229,6.229999860748649
1230,11.799999736249447
1231,2.489999944344163
1232,9.13999979570508
1233,15.60999965108931
1234,4.419999901205301
1235,7.459999833256006
1236,8.699999805539846
1237,13.719999693334103
1238,9.819999780505896
1239,11.469999743625522
1240,12.629999717697501
1241,6.11999986320734
1242,10.839999757707119
1243,11.129999751225114
1244,4.759999893605709
1245,6.989999843761325
1246,13.339999701827765
1247,8.419999811798334
1248,9.129999795928597
1249,14.319999679923058
1250,6.889999845996499
1251,17.059999618679285
1252,11.999999731779099
1253,22.72999949194491
1254,3.589999919757247
1255,7.409999834373593
1256,13.379999700933695
1257,7.229999838396907
1258,15.60999965108931
1259,7.479999832808971
1260,9.329999791458249
1261,12.899999711662531
1262,10.389999767765403
1263,10.329999769106507
1264,10.509999765083194
1265,8.299999814480543
1266,14.309999680146575
1267,3.1699999291449785
1268,12.219999726861715
1269,13.43999969959259
1270,11.149999750778079
1271,5.139999885112047
1272,13.419999700039625
1273,9.009999798610806
1274,16.02999964170158
1275,19.239999569952488
1276,16.159999638795853
1277,15.859999645501375
1278,10.289999770000577
1279,11.219999749213457
1280,12.179999727755785
1281,11.119999751448631
1282,11.019999753683805
1283,8.049999820068479
1284,4.359999902546406
1285,7.579999830573797
1286,10.489999765530229
1287,11.549999741837382
1288,11.179999750107527
1289,9.429999789223075
1290,6.669999850913882
1291,9.36999979056418
1292,8.12999981828034
1293,8.759999804198742
1294,11.629999740049243
1295,9.05999979749322
1296,12.519999720156193
1297,11.49999974295497
1298,6.309999858960509
1299,19.39999956637621
1300,10.219999771565199
1301,11.749999737367034
1302,7.289999837055802
1303,12.77999971434474
1304,13.62999969534576
1305,15.439999654889107
1306,18.31999959051609
1307,10.829999757930636
1308,14.819999668747187
1309,12.839999713003635
1310,9.13999979570508
1311,14.499999675899744
1312,15.429999655112624
1313,13.529999697580934
1314,8.12999981828034
1315,5.76999987103045
1316,9.649999784305692
1317,10.139999773353338
1318,14.419999677687883
1319,4.459999900311232
1320,10.679999761283398
1321,12.979999709874392
1322,9.469999788329005
1323,7.729999827221036
1324,7.409999834373593
1325,11.629999740049243
1326,7.299999836832285
1327,15.749999647960067
1328,10.009999776259065
1329,4.699999894946814
1330,12.149999728426337
1331,10.45999976620078
1332,15.779999647289515
1333,5.319999881088734
1334,12.11999972909689
1335,9.049999797716737
1336,7.479999832808971
1337,17.509999608621
1338,15.109999662265182
1339,10.10999977402389
1340,6.439999856054783
1341,10.039999775588512
1342,7.599999830126762
1343,11.029999753460288
1344,11.789999736472964
1345,11.34999974630773
1346,13.47999969869852
1347,15.669999649748206
1348,11.249999748542905
1349,16.129999639466405
1350,6.889999845996499
1351,12.939999710768461
1352,15.209999660030007
1353,8.069999819621444
1354,12.209999727085233
1355,12.869999712333083
1356,15.679999649524689
1357,4.459999900311232
1358,12.409999722614884
1359,1.9999999552965164
1360,4.379999902099371
1361,8.389999812468886
1362,12.259999725967646
1363,12.799999713897705
1364,11.96999973244965
1365,15.249999659135938
1366,11.819999735802412
1367,8.719999805092812
1368,11.259999748319387
1369,16.10999963991344
1370,14.769999669864774
1371,10.789999758824706
1372,9.359999790787697
1373,11.599999740719795
1374,17.18999961577356
1375,13.35999970138073
1376,10.539999764412642
1377,11.03999975323677
1378,15.56999965198338
1379,9.149999795481563
1380,17.399999611079693
1381,9.589999785646796
1382,10.889999756589532
1383,9.659999784082174
1384,15.44999965466559
1385,19.499999564141035
1386,10.889999756589532
1387,14.109999684616923
1388,4.929999889805913
1389,15.629999650642276
1390,13.059999708086252
1391,12.15999972820282
1392,10.509999765083194
1393,11.869999734684825
1394,7.559999831020832
1395,5.819999869912863
1396,6.2799998596310616
1397,11.949999732896686
1398,15.739999648183584
1399,10.309999769553542
1400,13.889999689534307
1401,13.899999689310789
1402,19.029999574646354
1403,13.819999691098928
1404,12.8599997125566
1405,14.999999664723873
1406,8.86999980174005
1407,13.689999694004655
1408,14.109999684616923
1409,11.909999733790755
1410,9.83999978005886
1411,11.3099997472018
1412,4.599999897181988
1413,8.799999803304672
1414,14.439999677240849
1415,8.879999801516533
1416,12.73999971523881
1417,22.949999487027526
1418,15.399999655783176
1419,19.379999566823244
1420,4.659999895840883
1421,17.65999960526824
1422,13.489999698475003
1423,8.629999807104468
1424,8.219999816268682
1425,8.51999980956316
1426,15.849999645724893
1427,17.249999614432454
1428,12.339999724179506
1429,13.74999969266355
1430,11.589999740943313
1431,6.3999998569488525
1432,26.269999412819743
1433,17.569999607279897
1434,14.129999684169888
1435,20.509999541565776
1436,19.7499995585531
1437,17.959999598562717
1438,12.15999972820282
1439,20.98999953083694
1440,9.259999793022871
1441,12.929999710991979
1442,15.809999646618962
1443,15.159999661147594
1444,6.629999851807952
1445,11.839999735355377
1446,9.069999797269702
1447,15.209999660030007
1448,21.49999951943755
1449,18.109999595209956
1450,14.529999675229192
1451,11.099999751895666
1452,7.689999828115106
1453,15.869999645277858
1454,12.23999972641468
1455,21.439999520778656
1456,27.059999395161867
1457,9.089999796822667
1458,6.799999848008156
1459,8.199999816715717
1460,7.569999830797315
1461,5.6599998734891415
1462,11.799999736249447
1463,13.609999695792794
1464,10.789999758824706
1465,19.769999558106065
1466,10.549999764189124
1467,13.459999699145555
1468,16.529999630525708
1469,18.139999594539404
1470,13.039999708533287
1471,17.88999960012734
1472,12.979999709874392
1473,15.979999642819166
1474,9.659999784082174
1475,9.67999978363514
1476,8.59999980777502
1477,11.909999733790755
1478,7.599999830126762
1479,9.559999786317348
1480,15.899999644607306
1481,10.319999769330025
1482,13.599999696016312
1483,14.859999667853117
1484,6.629999851807952
1485,21.099999528378248
1486,13.04999970830977
1487,8.24999981559813
1488,11.779999736696482
1489,8.55999980866909
1490,6.919999845325947
1491,10.939999755471945
1492,10.049999775364995
1493,14.839999668300152
1494,10.209999771788716
1495,13.019999708980322
1496,7.769999826326966
1497,15.79999964684248
1498,13.369999701157212
1499,8.149999817833304
1500,9.049999797716737
1501,13.159999705851078
1502,17.77999960258603
1503,7.949999822303653
1504,11.369999745860696
1505,4.349999902769923
1506,9.279999792575836
1507,11.5399997420609
1508,16.91999962180853
1509,8.629999807104468
1510,16.199999637901783
1511,19.59999956190586
1512,9.319999791681767
1513,14.959999665617943
1514,7.259999837726355
1515,10.469999765977263
1516,19.489999564364552
1517,14.649999672546983
1518,8.01999982073903
1519,6.529999854043126
1520,6.129999862983823
1521,6.379999857395887
1522,7.389999834820628
1523,7.339999835938215
1524,17.019999619573355
1525,10.60999976284802
1526,6.219999860972166
1527,4.459999900311232
1528,8.989999799057841
1529,5.209999883547425
1530,12.909999711439013
1531,10.859999757260084
1532,20.21999954804778
1533,3.7899999152868986
1534,7.499999832361937
1535,10.349999768659472
1536,8.119999818503857
1537,7.499999832361937
1538,1.8599999584257603
1539,15.539999652653933
1540,17.53999960795045
1541,18.97999957576394
1542,15.679999649524689
1543,19.069999573752284
1544,13.16999970562756
1545,15.559999652206898
1546,2.8899999354034662
1547,10.409999767318368
1548,8.799999803304672
1549,13.589999696239829
1550,10.759999759495258
1551,11.089999752119184
1552,10.219999771565199
1553,8.729999804869294
1554,11.469999743625522
1555,31.129999304190278
1556,10.369999768212438
1557,6.339999858289957
1558,12.269999725744128
1559,6.499999854713678
1560,18.58999958448112
1561,16.139999639242887
1562,15.17999966070056
1563,5.799999870359898
1564,7.27999983727932
1565,5.619999874383211
1566,12.50999972037971
1567,25.97999941930175
1568,13.699999693781137
1569,3.1399999298155308
1570,9.569999786093831
1571,3.3899999242275953
1572,9.349999791011214
1573,10.059999775141478
1574,6.529999854043126
1575,3.659999918192625
1576,10.799999758601189
1577,11.719999738037586
1578,14.509999675676227
1579,6.779999848455191
1580,11.96999973244965
1581,16.779999624937773
1582,13.109999706968665
1583,15.159999661147594
1584,6.359999857842922
1585,16.859999623149633
1586,15.389999656006694
1587,19.739999558776617
1588,5.789999870583415
1589,21.239999525249004
1590,9.359999790787697
1591,8.989999799057841
1592,4.91999989002943
1593,9.879999779164791
1594,17.479999609291553
1595,9.209999794140458
1596,7.219999838620424
1597,15.319999657571316
1598,10.41999976709485
1599,8.299999814480543
1600,17.57999960705638
1601,9.129999795928597
1602,6.059999864548445
1603,9.599999785423279
1604,7.159999839961529
1605,11.379999745637178
1606,11.599999740719795
1607,15.009999664500356
1608,14.229999681934714
1609,13.269999703392386
1610,9.239999793469906
1611,7.449999833479524
1612,17.42999961040914
1613,17.099999617785215
1614,10.639999762177467
1615,19.729999559000134
1616,4.7499998938292265
1617,8.389999812468886
1618,18.229999592527747
1619,6.199999861419201
1620,8.449999811127782
1621,18.39999958872795
1622,0.9599999785423279
1623,16.34999963454902
1624,11.57999974116683
1625,4.25999990478158
1626,11.529999742284417
1627,2.5499999430030584
1628,9.809999780729413
1629,15.419999655336142
1630,6.189999861642718
1631,7.249999837949872
1632,14.179999683052301
1633,19.259999569505453
1634,12.599999718368053
1635,17.839999601244926
1636,18.81999957934022
1637,10.909999756142497
1638,4.949999889358878
1639,10.539999764412642
1640,15.079999662935734
1641,14.24999968148768
1642,39.329999120905995
1643,2.0899999532848597
1644,9.149999795481563
1645,3.7699999157339334
1646,2.4499999452382326
1647,10.399999767541885
1648,12.489999720826745
1649,7.039999842643738
1650,11.18999974988401
1651,8.619999807327986
1652,14.05999968573451
1653,5.309999881312251
1654,12.27999972552061
1655,3.6299999188631773
1656,20.279999546706676
1657,11.149999750778079
1658,3.0499999318271875
1659,5.579999875277281
1660,12.449999721720815
1661,5.949999867007136
1662,10.309999769553542
1663,9.909999778494239
1664,9.239999793469906
1665,16.699999626725912
1666,16.739999625831842
1667,11.719999738037586
1668,14.659999672323465
1669,10.009999776259065
1670,7.129999840632081
1671,9.83999978005886
1672,6.749999849125743
1673,4.499999899417162
1674,12.8599997125566
1675,15.189999660477042
1676,13.39999970048666
1677,13.959999687969685
1678,8.999999798834324
1679,8.879999801516533
1680,3.0799999311566353
1681,19.269999569281936
1682,13.78999969176948
1683,11.249999748542905
1684,1.3699999693781137
1685,12.46999972127378
1686,9.379999790340662
1687,14.90999966673553
1688,13.349999701604247
1689,5.029999887570739
1690,10.829999757930636
1691,8.959999799728394
1692,10.899999756366014
1693,14.239999681711197
1694,5.019999887794256
1695,9.589999785646796
1696,11.979999732226133
1697,16.329999634996057
1698,5.449999878183007
1699,12.309999724850059
1700,14.819999668747187
1701,15.209999660030007
1702,18.93999957665801
1703,6.049999864771962
1704,4.089999908581376
1705,4.60999989695847
1706,17.489999609068036
1707,13.619999695569277
1708,12.949999710544944
1709,4.91999989002943
1710,8.729999804869294
1711,5.6099998746067286
1712,13.889999689534307
1713,7.999999821186066
1714,10.199999772012234
1715,16.159999638795853
1716,10.519999764859676
1717,12.50999972037971
1718,18.109999595209956
1719,3.589999919757247
1720,7.149999840185046
1721,14.98999966494739
1722,18.539999585598707
1723,8.78999980352819
1724,10.87999975681305
1725,11.329999746754766
1726,9.699999783188105
1727,13.239999704062939
1728,7.6699998285621405
1729,13.12999970652163
1730,12.54999971948564
1731,18.77999958023429
1732,11.859999734908342
1733,18.489999586716294
1734,21.159999527037144
1735,16.869999622926116
1736,10.549999764189124
1737,16.429999632760882
1738,17.879999600350857
1739,6.719999849796295
1740,21.639999516308308
1741,20.36999954469502
1742,1.4499999675899744
1743,10.059999775141478
1744,9.669999783858657
1745,7.679999828338623
1746,7.919999822974205
1747,15.389999656006694
1748,5.269999882206321
1749,22.519999496638775
1750,11.719999738037586
1751,12.42999972216785
1752,17.11999961733818
1753,10.29999976977706
1754,13.429999699816108
1755,25.269999435171485
1756,26.28999941237271
1757,9.789999781176448
1758,10.449999766424298
1759,11.149999750778079
1760,18.73999958112836
1761,13.769999692216516
1762,18.619999583810568
1763,12.109999729320407
1764,13.269999703392386
1765,20.689999537542462
1766,16.60999962873757
1767,15.709999648854136
1768,10.699999760836363
1769,20.52999954111874
1770,20.01999955251813
1771,20.29999954625964
1772,16.30999963544309
1773,8.01999982073903
1774,6.11999986320734
1775,14.6399996727705
1776,10.049999775364995
1777,12.679999716579914
1778,10.10999977402389
1779,14.879999667406082
1780,21.659999515861273
1781,21.14999952726066
1782,19.32999956794083
1783,16.95999962091446
1784,23.069999484345317
1785,13.539999697357416
1786,19.98999955318868
1787,20.049999551847577
1788,14.569999674335122
1789,14.279999680817127
1790,10.739999759942293
1791,9.13999979570508
1792,5.829999869689345
1793,12.249999726191163
1794,25.78999942354858
1795,20.779999535530806
1796,21.33999952301383
1797,7.849999824538827
1798,20.169999549165368
1799,25.47999943047762
1800,24.8599994443357
1801,8.239999815821648
1802,14.389999678358436
1803,9.48999978788197
1804,8.679999805986881
1805,28.14999937079847
1806,12.619999717921019
1807,18.149999594315886
1808,24.27999945729971
1809,19.929999554529786
1810,9.859999779611826
1811,14.449999677017331
1812,14.529999675229192
1813,9.40999978967011
1814,12.519999720156193
1815,24.189999459311366
1816,8.719999805092812
1817,14.669999672099948
1818,12.38999972306192
1819,23.259999480098486
1820,10.899999756366014
1821,12.339999724179506
1822,15.339999657124281
1823,12.559999719262123
1824,15.729999648407102
1825,12.039999730885029
1826,6.4499998558312654
1827,25.97999941930175
1828,11.3099997472018
1829,21.369999522343278
1830,16.03999964147806
1831,12.50999972037971
1832,18.77999958023429
1833,15.499999653548002
1834,7.409999834373593
1835,14.049999685958028
1836,23.50999947451055
1837,16.639999628067017
1838,7.099999841302633
1839,18.099999595433474
1840,20.979999531060457
1841,11.179999750107527
1842,26.21999941393733
1843,11.549999741837382
1844,10.219999771565199
1845,29.07999935001135
1846,9.789999781176448
1847,18.369999589398503
1848,25.97999941930175
1849,27.929999375715852
1850,8.949999799951911
1851,11.979999732226133
1852,12.439999721944332
1853,7.489999832585454
1854,21.389999521896243
1855,22.439999498426914
1856,19.27999956905842
1857,9.339999791234732
1858,23.84999946691096
1859,25.819999422878027
1860,24.879999443888664
1861,27.319999389350414
1862,12.299999725073576
1863,9.039999797940254
1864,9.83999978005886
1865,9.609999785199761
1866,17.589999606832862
1867,18.729999581351876
1868,17.569999607279897
1869,19.849999556317925
1870,15.739999648183584
1871,7.639999829232693
1872,20.21999954804778
1873,15.589999651536345
1874,23.669999470934272
1875,12.299999725073576
1876,10.429999766871333
1877,12.959999710321426
1878,17.9699995983392
1879,23.139999482780695
1880,19.529999563470483
1881,9.979999776929617
1882,17.629999605938792
1883,21.309999523684382
1884,11.059999752789736
1885,6.319999858736992
1886,19.839999556541443
1887,19.539999563246965
1888,11.489999743178487
1889,22.49999949708581
1890,21.309999523684382
1891,15.849999645724893
1892,21.699999514967203
1893,20.13999954983592
1894,21.549999518319964
1895,12.619999717921019
1896,16.389999633654952
1897,17.759999603033066
1898,25.01999944075942
1899,20.659999538213015
1900,11.069999752566218
1901,5.389999879524112
1902,12.479999721050262
1903,21.429999521002173
1904,13.729999693110585
1905,9.209999794140458
1906,20.849999533966184
1907,18.89999957755208
1908,21.749999513849616
1909,23.749999469146132
1910,15.059999663382769
1911,23.249999480322003
1912,26.249999413266778
1913,3.8199999146163464
1914,23.769999468699098
1915,17.329999612644315
1916,12.529999719932675
1917,39.14999912492931
1918,20.86999953351915
1919,24.93999944254756
1920,9.479999788105488
1921,20.13999954983592
1922,10.039999775588512
1923,4.799999892711639
1924,9.939999777823687
1925,10.769999759271741
1926,10.589999763295054
1927,9.089999796822667
1928,13.199999704957008
1929,26.509999407455325
1930,17.419999610632658
1931,7.179999839514494
1932,15.479999653995037
1933,7.529999831691384
1934,28.84999935515225
1935,23.569999473169446
1936,30.489999318495393
1937,22.209999503567815
1938,22.18999950401485
1939,21.949999509379268
1940,28.439999364316463
1941,13.229999704286456
1942,18.719999581575394
1943,22.639999493956566
1944,20.389999544247985
1945,17.169999616220593
1946,14.259999681264162
1947,24.81999944522977
1948,18.059999596327543
1949,16.92999962158501
1950,17.069999618455768
1951,22.179999504238367
1952,21.02999952994287
1953,17.719999603927135
1954,16.719999626278877
1955,14.90999966673553
1956,26.669999403879046
1957,29.62999933771789
1958,24.97999944165349
1959,26.399999409914017
1960,23.73999946936965
1961,13.369999701157212
1962,10.789999758824706
1963,25.59999942779541
1964,30.099999327212572
1965,13.74999969266355
1966,30.039999328553677
1967,7.679999828338623
1968,23.989999463781714
1969,20.21999954804778
1970,9.629999784752727
1971,16.289999635890126
1972,16.209999637678266
1973,17.22999961487949
1974,29.599999338388443
1975,14.659999672323465
1976,18.759999580681324
1977,24.959999442100525
1978,15.669999649748206
1979,15.929999643936753
1980,22.65999949350953
1981,16.049999641254544
1982,23.479999475181103
1983,7.699999827891588
1984,38.48999913968146
1985,18.769999580457807
1986,28.339999366551638
1987,14.36999967880547
1988,26.159999415278435
1989,17.11999961733818
1990,17.569999607279897
1991,14.999999664723873
1992,9.009999798610806
1993,19.00999957509339
1994,9.809999780729413
1995,10.809999758377671
1996,19.499999564141035
1997,22.359999500215054
1998,26.469999408349395
1999,12.869999712333083
2000,31.399999298155308
2001,18.449999587610364
2002,16.559999629855156
2003,25.17999943718314
2004,25.40999943204224
2005,23.57999947294593
2006,16.6499996278435
2007,14.849999668076634
2008,28.019999373704195
2009,26.79999940097332
2010,22.69999949261546
2011,26.279999412596226
2012,10.179999772459269
2013,9.36999979056418
2014,13.869999689981341
2015,19.35999956727028
2016,17.38999961130321
2017,22.209999503567815
2018,24.339999455958605
2019,17.639999605715275
2020,17.609999606385827
2021,8.259999815374613
2022,17.099999617785215
2023,8.899999801069498
2024,17.899999599903822
2025,21.37999952211976
2026,16.289999635890126
2027,19.259999569505453
2028,12.649999717250466
2029,24.19999945908785
2030,21.41999952122569
2031,19.159999571740627
2032,12.409999722614884
2033,18.289999591186643
2034,27.30999938957393
2035,19.7499995585531
2036,14.929999666288495
2037,22.559999495744705
2038,25.82999942265451
2039,14.749999670311809
2040,22.129999505355954
2041,23.31999947875738
2042,11.129999751225114
2043,14.569999674335122
2044,21.579999517649412
2045,20.979999531060457
2046,23.19999948143959
2047,18.229999592527747
2048,14.119999684393406
2049,11.559999741613865
2050,18.62999958358705
2051,13.289999702945352
2052,12.359999723732471
2053,13.019999708980322
2054,12.009999731555581
2055,26.1799994148314
2056,13.209999704733491
2057,21.14999952726066
2058,11.829999735578895
2059,7.389999834820628
2060,7.89999982342124
2061,19.32999956794083
2062,28.859999354928732
2063,21.529999518767
2064,11.959999732673168
2065,22.49999949708581
2066,21.009999530389905
2067,18.66999958269298
2068,19.879999555647373
2069,2.919999934732914
2070,17.899999599903822
2071,14.4099996779114
2072,25.189999436959624
2073,25.20999943651259
2074,15.869999645277858
2075,22.589999495074153
2076,18.649999583140016
2077,23.569999473169446
2078,13.12999970652163
2079,5.819999869912863
2080,17.899999599903822
2081,6.309999858960509
2082,0.7799999825656414
2083,11.299999747425318
2084,14.549999674782157
2085,25.859999421983957
2086,22.669999493286014
2087,21.529999518767
2088,24.609999449923635
2089,14.919999666512012
2090,16.819999624043703
2091,14.32999967969954
2092,21.009999530389905
2093,15.75999964773655
2094,21.83999951183796
2095,22.599999494850636
2096,25.36999943293631
2097,18.909999577328563
2098,25.55999942868948
2099,14.379999678581953
2100,10.929999755695462
2101,19.109999572858214
2102,14.769999669864774
2103,12.73999971523881
2104,15.989999642595649
2105,24.89999944344163
2106,23.04999948479235
2107,10.37999976798892
2108,18.459999587386847
2109,24.229999458417296
2110,16.989999620243907
2111,10.979999754577875
2112,9.129999795928597
2113,14.319999679923058
2114,23.959999464452267
2115,17.509999608621
2116,25.51999942958355
2117,28.129999371245503
2118,19.27999956905842
2119,12.329999724403024
2120,18.909999577328563
2121,10.859999757260084
2122,19.819999556988478
2123,23.459999475628138
2124,22.099999506026506
2125,20.319999545812607
2126,11.03999975323677
2127,24.839999444782734
2128,19.459999565035105
2129,20.339999545365572
2130,10.429999766871333
2131,7.679999828338623
2132,22.759999491274357
2133,14.90999966673553
2134,22.439999498426914
2135,23.869999466463923
2136,20.67999953776598
2137,23.58999947272241
2138,19.419999565929174
2139,13.74999969266355
2140,13.559999696910381
2141,13.569999696686864
2142,13.499999698251486
2143,21.269999524578452
2144,12.569999719038606
2145,15.089999662712216
2146,22.569999495521188
2147,21.009999530389905
2148,18.889999577775598
2149,15.209999660030007
2150,20.969999531283975
2151,11.469999743625522
2152,13.639999695122242
2153,20.229999547824264
2154,23.669999470934272
2155,18.889999577775598
2156,24.50999945215881
2157,14.339999679476023
2158,14.039999686181545
2159,18.11999959498644
2160,18.619999583810568
2161,14.089999685063958
2162,16.869999622926116
2163,15.439999654889107
2164,16.4199996329844
2165,14.429999677464366
2166,22.42999949865043
2167,21.95999950915575
2168,25.009999440982938
2169,22.33999950066209
2170,23.23999948054552
2171,10.139999773353338
2172,17.46999960951507
2173,19.63999956101179
2174,21.13999952748418
2175,11.839999735355377
2176,22.239999502897263
2177,17.069999618455768
2178,7.209999838843942
2179,7.769999826326966
2180,23.139999482780695
2181,17.639999605715275
2182,21.329999523237348
2183,16.749999625608325
2184,23.569999473169446
2185,14.359999679028988
2186,17.529999608173966
2187,19.94999955408275
2188,27.10999939404428
2189,22.249999502673745
2190,20.479999542236328
2191,12.669999716803432
2192,27.52999938465655
2193,16.399999633431435
2194,16.489999631419778
2195,23.649999471381307
2196,12.939999710768461
2197,20.36999954469502
2198,16.22999963723123
2199,14.979999665170908
2200,26.59999940544367
2201,21.71999951452017
2202,9.909999778494239
2203,14.36999967880547
2204,20.119999550282955
2205,15.929999643936753
2206,27.60999938286841
2207,19.689999559894204
2208,18.31999959051609
2209,15.169999660924077
2210,12.919999711215496
2211,11.819999735802412
2212,20.32999954558909
2213,11.249999748542905
2214,16.60999962873757
2215,20.6099995393306
2216,17.19999961555004
2217,19.529999563470483
2218,19.55999956279993
2219,10.72999976016581
2220,21.829999512061477
2221,19.82999955676496
2222,37.279999166727066
2223,17.129999617114663
2224,13.819999691098928
2225,13.35999970138073
2226,16.899999622255564
2227,24.27999945729971
2228,18.329999590292573
2229,15.869999645277858
2230,15.44999965466559
2231,19.2899995688349
2232,24.269999457523227
2233,22.359999500215054
2234,24.929999442771077
2235,22.14999950490892
2236,14.01999968662858
2237,12.219999726861715
2238,15.469999654218554
2239,16.829999623820186
2240,18.81999957934022
2241,13.509999698027968
2242,27.859999377280474
2243,18.759999580681324
2244,12.579999718815088
2245,13.729999693110585
2246,19.27999956905842
2247,10.909999756142497
2248,14.349999679252505
2249,24.769999446347356
2250,23.519999474287033
2251,29.85999933257699
2252,26.71999940276146
2253,32.32999927736819
2254,21.349999522790313
2255,22.26999950222671
2256,26.809999400749803
2257,15.729999648407102
2258,19.47999956458807
2259,30.469999318942428
2260,20.929999532178044
2261,7.659999828785658
2262,18.419999588280916
2263,23.419999476522207
2264,15.359999656677246
2265,26.09999941661954
2266,28.519999362528324
2267,15.899999644607306
2268,21.389999521896243
2269,13.859999690204859
2270,15.549999652430415
2271,21.76999951340258
2272,23.92999946512282
2273,24.889999443665147
2274,20.229999547824264
2275,28.65999935939908
2276,30.069999327883124
2277,15.099999662488699
2278,16.479999631643295
2279,20.349999545142055
2280,28.449999364092946
2281,27.929999375715852
2282,17.179999615997076
2283,20.549999540671706
2284,16.119999639689922
2285,10.319999769330025
2286,20.069999551400542
2287,21.99999950826168
2288,18.1999995931983
2289,22.179999504238367
2290,14.189999682828784
2291,22.479999497532845
2292,14.759999670088291
2293,21.659999515861273
2294,27.749999379739165
2295,20.40999954380095
2296,10.809999758377671
2297,19.149999571964145
2298,14.239999681711197
2299,19.739999558776617
2300,22.68999949283898
2301,32.03999928385019
2302,18.73999958112836
2303,20.899999532848597
2304,35.50999920628965
2305,17.609999606385827
2306,29.219999346882105
2307,28.07999937236309
2308,15.159999661147594
2309,21.939999509602785
2310,25.619999427348375
2311,22.549999495968223
2312,24.81999944522977
2313,21.169999526813626
2314,16.129999639466405
2315,13.759999692440033
2316,18.889999577775598
2317,31.899999286979437
2318,26.589999405667186
2319,30.339999321848154
2320,23.719999469816685
2321,15.599999651312828
2322,24.809999445453286
2323,9.709999782964587
2324,19.189999571070075
2325,19.389999566599727
2326,24.47999945282936
2327,15.519999653100967
2328,20.67999953776598
2329,21.749999513849616
2330,20.649999538436532
2331,16.509999630972743
2332,22.639999493956566
2333,19.24999956972897
2334,28.42999936453998
2335,22.80999949015677
2336,6.319999858736992
2337,21.279999524354935
2338,25.82999942265451
2339,30.379999320954084
2340,28.69999935850501
2341,15.289999658241868
2342,24.969999441877007
2343,14.36999967880547
2344,20.649999538436532
2345,22.789999490603805
2346,14.98999966494739
2347,23.15999948233366
2348,22.69999949261546
2349,19.63999956101179
2350,23.669999470934272
2351,20.319999545812607
2352,28.65999935939908
2353,12.869999712333083
2354,21.169999526813626
2355,23.0799994841218
2356,26.979999396950006
2357,10.969999754801393
2358,5.489999877288938
2359,26.349999411031604
2360,21.849999511614442
2361,21.709999514743686
2362,19.149999571964145
2363,21.429999521002173
2364,27.359999388456345
2365,33.629999248310924
2366,21.869999511167407
2367,23.949999464675784
2368,33.10999925993383
2369,20.36999954469502
2370,31.01999930664897
2371,23.489999474957585
2372,18.769999580457807
2373,10.539999764412642
2374,6.979999843984842
2375,14.459999676793814
2376,22.209999503567815
2377,29.769999334588647
2378,29.459999341517687
2379,20.319999545812607
2380,21.929999509826303
2381,21.209999525919557
2382,27.749999379739165
2383,25.259999435395002
2384,35.66999920271337
2385,14.609999673441052
2386,31.25999930128455
2387,13.97999968752265
2388,10.14999977312982
2389,6.38999985717237
2390,27.91999937593937
2391,9.229999793693423
2392,21.359999522566795
2393,17.689999604597688
2394,25.929999420419335
2395,29.419999342411757
2396,21.229999525472522
2397,23.88999946601689
2398,23.479999475181103
2399,14.459999676793814
2400,25.39999943226576
2401,25.36999943293631
2402,21.91999951004982
2403,27.53999938443303
2404,25.039999440312386
2405,19.409999566152692
2406,26.239999413490295
2407,26.98999939672649
2408,17.339999612420797
2409,20.75999953597784
2410,21.48999951966107
2411,17.42999961040914
2412,36.83999917656183
2413,25.47999943047762
2414,24.569999450817704
2415,11.959999732673168
2416,21.17999952659011
2417,9.439999788999557
2418,25.939999420195818
2419,24.47999945282936
2420,18.999999575316906
2421,30.149999326094985
2422,29.599999338388443
2423,26.399999409914017
2424,26.05999941751361
2425,32.53999927267432
2426,20.629999538883567
2427,5.559999875724316
2428,6.629999851807952
2429,26.519999407231808
2430,27.439999386668205
2431,19.93999955430627
2432,29.619999337941408
2433,32.65999926999211
2434,26.509999407455325
2435,17.209999615326524
2436,19.499999564141035
2437,15.60999965108931
2438,13.079999707639217
2439,14.029999686405063
2440,38.90999913029373
2441,24.639999449253082
2442,20.67999953776598
2443,21.849999511614442
2444,21.79999951273203
2445,26.279999412596226
2446,8.389999812468886
2447,7.509999832138419
2448,25.689999425783753
2449,15.619999650865793
2450,24.849999444559216
2451,31.25999930128455
2452,23.61999947205186
2453,20.13999954983592
2454,19.929999554529786
2455,28.749999357387424
2456,26.06999941729009
2457,25.769999423995614
2458,25.499999430030584
2459,27.479999385774136
2460,11.549999741837382
2461,21.76999951340258
2462,29.649999337270856
2463,30.759999312460423
2464,26.169999415054917
2465,29.7399993352592
2466,21.329999523237348
2467,10.549999764189124
2468,27.279999390244484
2469,21.72999951429665
2470,12.969999710097909
2471,16.68999962694943
2472,16.789999624714255
2473,21.349999522790313
2474,21.509999519214034
2475,16.02999964170158
2476,34.409999230876565
2477,22.919999487698078
2478,28.549999361857772
2479,32.56999927200377
2480,16.979999620467424
2481,21.159999527037144
2482,25.189999436959624
2483,26.59999940544367
2484,27.439999386668205
2485,8.119999818503857
2486,14.359999679028988
2487,20.589999539777637
2488,16.279999636113644
2489,29.89999933168292
2490,24.909999443218112
2491,28.34999936632812
2492,17.909999599680305
2493,23.34999947808683
2494,26.499999407678843
2495,22.839999489486217
2496,11.109999751672149
2497,23.069999484345317
2498,29.719999335706234
2499,6.909999845549464
2500,13.589999696239829
2501,31.739999290555716
2502,21.779999513179064
2503,36.97999917343259
2504,15.599999651312828
2505,9.889999778941274
2506,15.869999645277858
2507,20.48999954201281
2508,26.499999407678843
2509,31.809999288991094
2510,30.689999314025044
2511,23.23999948054552
2512,10.239999771118164
2513,12.149999728426337
2514,30.039999328553677
2515,6.729999849572778
2516,23.58999947272241
2517,25.219999436289072
2518,26.37999941036105
2519,20.849999533966184
2520,11.239999748766422
2521,31.01999930664897
2522,19.229999570176005
2523,26.399999409914017
2524,39.58999911509454
2525,10.369999768212438
2526,20.90999953262508
2527,29.97999932989478
2528,27.709999380633235
2529,9.909999778494239
2530,27.819999378174543
2531,30.32999932207167
2532,15.509999653324485
2533,22.02999950759113
2534,27.949999375268817
2535,31.999999284744263
2536,9.279999792575836
2537,13.079999707639217
2538,21.91999951004982
2539,28.339999366551638
2540,26.59999940544367
2541,25.039999440312386
2542,18.769999580457807
2543,13.989999687299132
2544,32.709999268874526
2545,20.129999550059438
2546,28.749999357387424
2547,30.94999930821359
2548,33.49999925121665
2549,25.09999943897128
2550,28.669999359175563
2551,29.11999934911728
2552,19.93999955430627
2553,24.659999448806047
2554,23.909999465569854
2555,22.30999950133264
2556,21.119999527931213
2557,24.409999454393983
2558,18.539999585598707
2559,28.73999935761094
2560,26.049999417737126
2561,29.759999334812164
2562,17.599999606609344
2563,27.749999379739165
2564,21.889999510720372
2565,16.8799996227026
2566,20.79999953508377
2567,16.749999625608325
2568,20.169999549165368
2569,24.31999945640564
2570,21.739999514073133
2571,23.569999473169446
2572,16.95999962091446
2573,22.139999505132437
2574,29.329999344423413
2575,19.459999565035105
2576,29.70999933592975
2577,18.07999959588051
2578,15.289999658241868
2579,25.419999431818724
2580,22.939999487251043
2581,24.51999945193529
2582,24.08999946154654
2583,12.639999717473984
2584,13.509999698027968
2585,30.529999317601323
2586,9.36999979056418
2587,25.649999426677823
2588,37.93999915197492
2589,20.239999547600746
2590,21.929999509826303
2591,29.419999342411757
2592,20.929999532178044
2593,23.329999478533864
2594,26.629999404773116
2595,22.289999501779675
2596,25.349999433383346
2597,22.839999489486217
2598,8.859999801963568
2599,24.949999442324042
2600,26.739999402314425
2601,26.119999416172504
2602,17.979999598115683
2603,26.479999408125877
2604,23.54999947361648
2605,28.749999357387424
2606,25.889999421313405
2607,13.349999701604247
2608,26.83999940007925
2609,26.1799994148314
2610,20.109999550506473
2611,21.509999519214034
2612,21.269999524578452
2613,25.82999942265451
2614,12.27999972552061
2615,27.759999379515648
2616,26.52999940700829
2617,25.199999436736107
2618,15.539999652653933
2619,30.89999930933118
2620,16.83999962359667
2621,20.91999953240156
2622,18.949999576434493
2623,22.18999950401485
2624,27.509999385103583
2625,29.229999346658587
2626,23.069999484345317
2627,20.549999540671706
2628,25.649999426677823
2629,14.82999966852367
2630,19.529999563470483
2631,27.199999392032623
2632,26.09999941661954
2633,18.839999578893185
2634,28.359999366104603
2635,36.91999917477369
2636,27.249999390915036
2637,28.369999365881085
2638,29.58999933861196
2639,28.73999935761094
2640,28.589999360963702
2641,27.009999396279454
2642,17.359999611973763
2643,24.949999442324042
2644,23.979999464005232
2645,27.949999375268817
2646,24.039999462664127
2647,21.13999952748418
2648,25.769999423995614
2649,30.459999319165945
2650,26.109999416396022
2651,21.779999513179064
2652,29.229999346658587
2653,26.239999413490295
2654,12.269999725744128
2655,28.919999353587627
2656,29.609999338164926
2657,15.959999643266201
2658,26.269999412819743
2659,17.219999615103006
2660,24.639999449253082
2661,26.83999940007925
2662,18.15999959409237
2663,21.589999517425895
2664,18.43999958783388
2665,25.199999436736107
2666,28.999999351799488
2667,13.389999700710177
2668,24.539999451488256
2669,11.319999746978283
2670,13.819999691098928
2671,27.659999381750822
2672,16.899999622255564
2673,21.739999514073133
2674,27.179999392479658
2675,15.229999659582973
2676,22.819999489933252
2677,28.019999373704195
2678,20.969999531283975
2679,36.28999918885529
2680,28.57999936118722
2681,10.889999756589532
2682,16.1899996381253
2683,26.06999941729009
2684,37.35999916493893
2685,13.429999699816108
2686,22.53999949619174
2687,10.909999756142497
2688,12.299999725073576
2689,26.95999939739704
2690,20.359999544918537
2691,15.479999653995037
2692,28.80999935604632
2693,16.65999962761998
2694,10.56999976374209
2695,13.419999700039625
2696,21.119999527931213
2697,27.18999939225614
2698,26.859999399632215
2699,29.209999347105622
2700,17.989999597892165
2701,31.279999300837517
2702,12.919999711215496
2703,27.089999394491315
2704,16.219999637454748
2705,33.0699992608279
2706,24.449999453499913
2707,27.199999392032623
2708,27.68999938108027
2709,17.85999960079789
2710,20.319999545812607
2711,22.819999489933252
2712,39.60999911464751
2713,14.819999668747187
2714,22.879999488592148
2715,37.76999915577471
2716,27.989999374374747
2717,23.169999482110143
2718,18.43999958783388
2719,18.04999959655106
2720,23.409999476745725
2721,27.45999938622117
2722,14.589999673888087
2723,13.999999687075615
2724,9.749999782070518
2725,27.4999993853271
2726,12.419999722391367
2727,24.959999442100525
2728,24.619999449700117
2729,13.489999698475003
2730,28.34999936632812
2731,26.519999407231808
2732,20.439999543130398
2733,30.489999318495393
2734,16.92999962158501
2735,23.489999474957585
2736,23.27999947965145
2737,26.59999940544367
2738,11.829999735578895
2739,23.599999472498894
2740,27.519999384880066
2741,12.07999972999096
2742,22.529999496415257
2743,27.949999375268817
2744,12.489999720826745
2745,28.8199993558228
2746,28.379999365657568
2747,21.889999510720372
2748,19.39999956637621
2749,18.579999584704638
2750,22.879999488592148
2751,20.86999953351915
2752,29.369999343529344
2753,25.419999431818724
2754,19.469999564811587
2755,28.80999935604632
2756,30.809999311342835
2757,21.72999951429665
2758,26.209999414160848
2759,4.929999889805913
2760,31.5199992954731
2761,17.259999614208937
2762,13.04999970830977
2763,21.68999951519072
2764,3.2199999280273914
2765,18.339999590069056
2766,23.029999485239387
2767,12.329999724403024
2768,26.189999414607882
2769,27.249999390915036
2770,34.89999921992421
2771,24.699999447911978
2772,8.109999818727374
2773,22.30999950133264
2774,10.10999977402389
2775,15.659999649971724
2776,10.37999976798892
2777,28.73999935761094
2778,21.629999516531825
2779,16.369999634101987
2780,18.839999578893185
2781,14.119999684393406
2782,20.939999531954527
2783,26.269999412819743
2784,21.889999510720372
2785,10.389999767765403
2786,27.87999937683344
2787,25.349999433383346
2788,28.669999359175563
2789,16.939999621361494
2790,14.309999680146575
2791,16.95999962091446
2792,23.869999466463923
2793,20.09999955072999
2794,25.05999943986535
2795,25.279999434947968
2796,26.829999400302768
2797,27.52999938465655
2798,24.78999944590032
2799,13.809999691322446
2800,25.01999944075942
2801,26.149999415501952
2802,5.139999885112047
2803,22.869999488815665
2804,10.499999765306711
2805,26.09999941661954
2806,5.14999988488853
2807,27.369999388232827
2808,21.589999517425895
2809,24.66999944858253
2810,25.39999943226576
2811,7.7899998258799314
2812,21.579999517649412
2813,16.019999641925097
2814,28.909999353811145
2815,26.729999402537942
2816,21.99999950826168
2817,20.499999541789293
2818,19.66999956034124
2819,8.719999805092812
2820,23.099999483674765
2821,13.059999708086252
2822,21.80999951250851
2823,18.729999581351876
2824,21.039999529719353
2825,22.6199994944036
2826,23.759999468922615
2827,18.929999576881528
2828,10.479999765753746
2829,10.839999757707119
2830,12.299999725073576
2831,9.09999979659915
2832,14.069999685510993
2833,22.259999502450228
2834,23.749999469146132
2835,15.099999662488699
2836,22.019999507814646
2837,23.15999948233366
2838,9.759999781847
2839,25.149999437853694
2840,19.659999560564756
2841,20.399999544024467
2842,18.179999593645334
2843,26.209999414160848
2844,22.92999948747456
2845,13.069999707862735
2846,26.049999417737126
2847,23.329999478533864
2848,17.15999961644411
2849,25.97999941930175
2850,27.049999395385385
2851,14.699999671429396
2852,13.249999703839421
2853,25.59999942779541
2854,24.309999456629157
2855,18.229999592527747
2856,24.809999445453286
2857,25.309999434277415
2858,22.009999508038163
2859,24.82999944500625
2860,20.969999531283975
2861,31.079999305307865
2862,17.439999610185623
2863,18.50999958626926
2864,26.239999413490295
2865,23.42999947629869
2866,26.519999407231808
2867,25.28999943472445
2868,12.749999715015292
2869,24.649999449029565
2870,14.839999668300152
2871,14.889999667182565
2872,24.579999450594187
2873,14.699999671429396
2874,29.00999935157597
2875,25.159999437630177
2876,19.259999569505453
2877,26.209999414160848
2878,19.069999573752284
2879,26.28999941237271
2880,25.699999425560236
2881,25.039999440312386
2882,20.619999539107084
2883,21.239999525249004
2884,20.689999537542462
2885,20.32999954558909
2886,31.59999929368496
2887,23.379999477416277
2888,28.339999366551638
2889,22.939999487251043
2890,21.71999951452017
2891,24.189999459311366
2892,16.669999627396464
2893,23.879999466240406
2894,8.369999812915921
2895,13.949999688193202
2896,20.55999954044819
2897,26.009999418631196
2898,23.89999946579337
2899,29.019999351352453
2900,25.78999942354858
2901,28.919999353587627
2902,15.83999964594841
2903,13.509999698027968
2904,21.989999508485198
2905,28.65999935939908
2906,13.799999691545963
2907,18.4299995880574
2908,22.45999949797988
2909,22.829999489709735
2910,37.66999915800989
2911,14.119999684393406
2912,15.809999646618962
2913,25.279999434947968
2914,29.679999336600304
2915,25.509999429807067
2916,10.369999768212438
2917,30.47999931871891
2918,22.799999490380287
2919,28.96999935247004
2920,22.319999501109123
2921,21.669999515637755
2922,22.249999502673745
2923,26.32999941147864
2924,19.08999957330525
2925,22.6199994944036
2926,27.039999395608902
2927,25.229999436065555
2928,17.92999959923327
2929,18.43999958783388
2930,12.599999718368053
2931,25.86999942176044
2932,21.239999525249004
2933,23.61999947205186
2934,32.24999927915633
2935,21.239999525249004
2936,18.04999959655106
2937,23.919999465346336
2938,22.11999950557947
2939,20.889999533072114
2940,29.889999331906438
2941,21.399999521672726
2942,14.999999664723873
2943,16.099999640136957
2944,25.429999431595206
2945,17.85999960079789
2946,18.89999957755208
2947,19.179999571293592
2948,13.989999687299132
2949,19.889999555423856
2950,28.53999936208129
2951,22.159999504685402
2952,23.409999476745725
2953,11.109999751672149
2954,21.249999525025487
2955,18.409999588504434
2956,25.16999943740666
2957,22.80999949015677
2958,27.859999377280474
2959,10.059999775141478
2960,14.90999966673553
2961,21.56999951787293
2962,24.77999944612384
2963,25.859999421983957
2964,7.1199998408555984
2965,29.619999337941408
2966,21.48999951966107
2967,20.24999954737723
2968,22.219999503344297
2969,29.109999349340796
2970,28.689999358728528
2971,25.039999440312386
2972,21.529999518767
2973,25.649999426677823
2974,11.569999741390347
2975,8.979999799281359
2976,20.419999543577433
2977,25.939999420195818
2978,11.049999753013253
2979,21.72999951429665
2980,24.949999442324042
2981,26.509999407455325
2982,18.459999587386847
2983,24.719999447464943
2984,24.51999945193529
2985,17.409999610856175
2986,23.709999470040202
2987,24.529999451711774
2988,25.379999432712793
2989,27.289999390020967
2990,25.20999943651259
2991,16.759999625384808
2992,24.919999442994595
2993,8.469999810680747
2994,16.359999634325504
2995,9.48999978788197
2996,23.3099994789809
2997,19.0599995739758
2998,23.00999948568642
2999,28.089999372139573
3000,27.799999378621578
3001,26.36999941058457
3002,10.409999767318368
3003,15.909999644383788
3004,23.259999480098486
3005,21.40999952144921
3006,33.19999925792217
3007,18.499999586492777
3008,23.729999469593167
3009,21.699999514967203
3010,8.55999980866909
3011,30.039999328553677
3012,29.189999347552657
3013,17.53999960795045
3014,20.309999546036124
3015,18.12999959476292
3016,15.249999659135938
3017,12.339999724179506
3018,28.939999353140593
3019,22.919999487698078
3020,15.75999964773655
3021,25.86999942176044
3022,13.0899997074157
3023,15.109999662265182
3024,11.249999748542905
3025,24.949999442324042
3026,30.159999325871468
3027,27.21999939158559
3028,21.279999524354935
3029,21.989999508485198
3030,22.989999486133456
3031,30.959999307990074
3032,10.559999763965607
3033,26.859999399632215
3034,25.889999421313405
3035,17.529999608173966
3036,24.329999456182122
3037,29.649999337270856
3038,22.6199994944036
3039,18.849999578669667
3040,13.97999968752265
3041,25.819999422878027
3042,21.60999951697886
3043,25.67999942600727
3044,30.989999307319522
3045,19.739999558776617
3046,25.70999942533672
3047,35.66999920271337
3048,27.969999374821782
3049,29.08999934978783
3050,10.749999759718776
3051,13.379999700933695
3052,28.569999361410737
3053,27.099999394267797
3054,27.159999392926693
3055,25.55999942868948
3056,23.31999947875738
3057,15.389999656006694
3058,20.239999547600746
3059,14.649999672546983
3060,28.139999371021986
3061,23.729999469593167
3062,23.3099994789809
3063,13.029999708756804
3064,31.87999928742647
3065,11.859999734908342
3066,31.339999299496412
3067,30.739999312907457
3068,30.04999932833016
3069,24.3999994546175
3070,23.50999947451055
3071,15.289999658241868
3072,20.149999549612403
3073,25.799999423325062
3074,30.099999327212572
3075,23.259999480098486
3076,21.699999514967203
3077,14.629999672994018
3078,26.889999398961663
3079,27.68999938108027
3080,19.619999561458826
3081,26.739999402314425
3082,22.45999949797988
3083,28.599999360740185
3084,26.33999941125512
3085,31.25999930128455
3086,31.36999929882586
3087,25.549999428912997
3088,21.10999952815473
3089,31.94999928586185
3090,24.639999449253082
3091,25.75999942421913
3092,22.489999497309327
3093,17.839999601244926
3094,27.84999937750399
3095,21.169999526813626
3096,27.64999938197434
3097,32.52999927289784
3098,24.82999944500625
3099,23.26999947987497
3100,16.37999963387847
3101,20.549999540671706
3102,21.33999952301383
3103,21.18999952636659
3104,27.179999392479658
3105,24.959999442100525
3106,21.679999515414238
3107,35.85999919846654
3108,20.199999548494816
3109,26.48999940790236
3110,28.03999937325716
3111,20.979999531060457
3112,24.599999450147152
3113,27.53999938443303
3114,34.70999922417104
3115,25.579999428242445
3116,16.99999962002039
3117,30.269999323412776
3118,23.749999469146132
3119,33.80999924428761
3120,25.55999942868948
3121,28.46999936364591
3122,29.08999934978783
3123,25.47999943047762
3124,21.389999521896243
3125,19.16999957151711
3126,15.83999964594841
3127,16.57999962940812
3128,20.32999954558909
3129,15.019999664276838
3130,22.45999949797988
3131,21.789999512955546
3132,21.76999951340258
3133,25.63999942690134
3134,19.189999571070075
3135,24.609999449923635
3136,26.049999417737126
3137,21.549999518319964
3138,22.45999949797988
3139,14.239999681711197
3140,28.089999372139573
3141,23.3099994789809
3142,24.799999445676804
3143,21.889999510720372
3144,22.489999497309327
3145,29.099999349564314
3146,26.13999941572547
3147,24.599999450147152
3148,28.49999936297536
3149,33.10999925993383
3150,24.429999453946948
3151,21.099999528378248
3152,23.759999468922615
3153,26.249999413266778
3154,22.169999504461884
3155,14.109999684616923
3156,24.619999449700117
3157,24.12999946065247
3158,20.899999532848597
3159,27.359999388456345
3160,30.989999307319522
3161,27.22999939136207
3162,24.89999944344163
3163,12.849999712780118
3164,27.369999388232827
3165,23.26999947987497
3166,29.85999933257699
3167,27.449999386444688
3168,24.47999945282936
3169,26.049999417737126
3170,30.529999317601323
3171,27.399999387562275
3172,28.15999937057495
3173,22.489999497309327
3174,24.19999945908785
3175,29.499999340623617
3176,29.609999338164926
3177,27.679999381303787
3178,13.279999703168869
3179,23.219999480992556
3180,29.729999335482717
3181,17.80999960191548
3182,28.369999365881085
3183,23.04999948479235
3184,29.62999933771789
3185,27.929999375715852
3186,24.54999945126474
3187,23.23999948054552
3188,20.969999531283975
3189,24.689999448135495
3190,18.839999578893185
3191,22.919999487698078
3192,26.749999402090907
3193,27.759999379515648
3194,29.58999933861196
3195,28.279999367892742
3196,29.419999342411757
3197,22.949999487027526
3198,30.35999932140112
3199,24.379999455064535
3200,19.47999956458807
3201,30.97999930754304
3202,29.759999334812164
3203,17.089999618008733
3204,23.35999947786331
3205,24.369999455288053
3206,25.09999943897128
3207,25.389999432489276
3208,24.86999944411218
3209,26.95999939739704
3210,27.669999381527305
3211,26.87999939918518
3212,31.959999285638332
3213,24.43999945372343
3214,31.229999301955104
3215,13.809999691322446
3216,23.50999947451055
3217,19.819999556988478
3218,22.76999949105084
3219,30.379999320954084
3220,25.899999421089888
3221,22.679999493062496
3222,29.759999334812164
3223,26.549999406561255
3224,25.09999943897128
3225,23.749999469146132
3226,26.37999941036105
3227,25.389999432489276
3228,26.94999939762056
3229,25.549999428912997
3230,30.609999315813184
3231,29.729999335482717
3232,21.40999952144921
3233,27.439999386668205
3234,27.679999381303787
3235,24.529999451711774
3236,29.169999347999692
3237,23.749999469146132
3238,28.669999359175563
3239,26.589999405667186
3240,20.279999546706676
3241,17.139999616891146
3242,19.879999555647373
3243,24.1699994597584
3244,26.229999413713813
3245,29.449999341741204
3246,22.92999948747456
3247,28.879999354481697
3248,21.739999514073133
3249,26.869999399408698
3250,27.079999394714832
3251,27.789999378845096
3252,18.139999594539404
3253,27.209999391809106
3254,27.10999939404428
3255,23.329999478533864
3256,25.13999943807721
3257,27.789999378845096
3258,21.68999951519072
3259,28.899999354034662
3260,28.979999352246523
3261,28.339999366551638
3262,36.309999188408256
3263,31.339999299496412
3264,28.629999360069633
3265,21.289999524131417
3266,21.229999525472522
3267,26.859999399632215
3268,21.369999522343278
3269,26.87999939918518
3270,25.769999423995614
3271,26.079999417066574
3272,31.389999298378825
3273,24.499999452382326
3274,19.12999957241118
3275,28.059999372810125
3276,18.719999581575394
3277,25.70999942533672
3278,25.629999427124858
3279,28.489999363198876
3280,25.0899994391948
3281,25.66999942623079
3282,20.899999532848597
3283,39.02999912761152
3284,19.24999956972897
3285,20.319999545812607
3286,30.969999307766557
3287,32.59999927133322
3288,25.689999425783753
3289,24.46999945305288
3290,19.27999956905842
3291,17.439999610185623
3292,17.869999600574374
3293,28.61999936029315
3294,15.939999643713236
3295,38.37999914214015
3296,11.669999739155173
3297,16.939999621361494
3298,28.559999361634254
3299,36.55999918282032
3300,21.849999511614442
3301,30.349999321624637
3302,16.629999628290534
3303,21.279999524354935
3304,28.15999937057495
3305,12.289999725297093
3306,25.01999944075942
3307,23.979999464005232
3308,20.51999954134226
3309,15.989999642595649
3310,31.849999288097024
3311,23.609999472275376
3312,25.309999434277415
3313,18.989999575540423
3314,31.90999928675592
3315,13.469999698922038
3316,14.449999677017331
3317,22.829999489709735
3318,25.7199994251132
3319,32.47999927401543
3320,26.399999409914017
3321,27.599999383091927
3322,28.799999356269836
3323,17.209999615326524
3324,27.469999385997653
3325,31.59999929368496
3326,23.19999948143959
3327,22.139999505132437
3328,21.319999523460865
3329,28.77999935671687
3330,31.24999930150807
3331,28.329999366775155
3332,28.859999354928732
3333,30.569999316707253
3334,25.299999434500933
3335,26.579999405890703
3336,26.659999404102564
3337,11.089999752119184
3338,23.229999480769038
3339,9.939999777823687
3340,27.169999392703176
3341,24.31999945640564
3342,29.70999933592975
3343,22.169999504461884
3344,27.929999375715852
3345,27.7299993801862
3346,22.899999488145113
3347,25.469999430701137
3348,30.879999309778214
3349,13.159999705851078
3350,20.589999539777637
3351,25.389999432489276
3352,11.92999973334372
3353,32.129999281838536
3354,25.9499994199723
3355,28.76999935694039
3356,31.0599993057549
3357,22.199999503791332
3358,19.259999569505453
3359,28.249999368563294
3360,23.96999946422875
3361,21.099999528378248
3362,23.26999947987497
3363,25.469999430701137
3364,32.79999926686287
3365,27.759999379515648
3366,12.15999972820282
3367,22.439999498426914
3368,25.539999429136515
3369,18.46999958716333
3370,24.919999442994595
3371,24.909999443218112
3372,28.30999936722219
3373,21.979999508708715
3374,27.10999939404428
3375,27.669999381527305
3376,30.08999932743609
3377,25.09999943897128
3378,29.419999342411757
3379,31.01999930664897
3380,28.099999371916056
3381,24.849999444559216
3382,28.209999369457364
3383,31.499999295920134
3384,21.509999519214034
3385,30.32999932207167
3386,24.989999441429973
3387,27.179999392479658
3388,24.54999945126474
3389,29.139999348670244
3390,28.46999936364591
3391,24.219999458640814
3392,28.379999365657568
3393,24.109999461099505
3394,29.23999934643507
3395,25.13999943807721
3396,30.679999314248562
3397,27.859999377280474
3398,26.899999398738146
3399,31.739999290555716
3400,32.01999928429723
3401,19.549999563023448
3402,25.7199994251132
3403,16.479999631643295
3404,30.149999326094985
3405,27.049999395385385
3406,33.369999254122376
3407,26.469999408349395
3408,24.139999460428953
3409,26.159999415278435
3410,22.049999507144094
3411,12.929999710991979
3412,16.14999963901937
3413,30.919999308884144
3414,28.73999935761094
3415,23.979999464005232
3416,22.899999488145113
3417,24.069999461993575
3418,26.05999941751361
3419,25.999999418854713
3420,23.50999947451055
3421,29.559999339282513
3422,26.559999406337738
3423,24.839999444782734
3424,32.899999264627695
3425,17.609999606385827
3426,14.509999675676227
3427,29.479999341070652
3428,25.579999428242445
3429,29.77999933436513
3430,27.549999384209514
3431,29.719999335706234
3432,29.679999336600304
3433,28.139999371021986
3434,28.219999369233847
3435,21.789999512955546
3436,20.229999547824264
3437,29.489999340847135
3438,27.629999382421374
3439,28.629999360069633
3440,27.84999937750399
3441,23.669999470934272
3442,27.509999385103583
3443,29.249999346211553
3444,31.01999930664897
3445,30.029999328777194
3446,13.679999694228172
3447,32.34999927692115
3448,17.949999598786235
3449,28.979999352246523
3450,29.89999933168292
3451,28.42999936453998
3452,27.789999378845096
3453,30.999999307096004
3454,25.4899994302541
3455,29.499999340623617
3456,21.68999951519072
3457,31.619999293237925
3458,23.53999947384
3459,27.749999379739165
3460,29.00999935157597
3461,27.929999375715852
3462,27.319999389350414
3463,20.36999954469502
3464,26.209999414160848
3465,25.769999423995614
3466,24.889999443665147
3467,27.749999379739165
3468,26.459999408572912
3469,22.409999499097466
3470,25.01999944075942
3471,31.149999303743243
3472,22.8499994892627
3473,28.689999358728528
3474,27.06999939493835
3475,27.899999376386404
3476,26.67999940365553
3477,19.00999957509339
3478,26.819999400526285
3479,30.28999932296574
3480,29.169999347999692
3481,21.039999529719353
3482,25.97999941930175
3483,24.19999945908785
3484,28.589999360963702
3485,24.029999462887645
3486,20.149999549612403
3487,15.44999965466559
3488,28.219999369233847
3489,20.189999548718333
3490,28.46999936364591
3491,20.339999545365572
3492,17.57999960705638
3493,31.129999304190278
3494,29.00999935157597
3495,32.49999927356839
3496,28.80999935604632
3497,28.42999936453998
3498,30.969999307766557
3499,26.99999939650297
3500,23.19999948143959
3501,27.909999376162887
3502,30.099999327212572
3503,31.629999293014407
3504,31.359999299049377
3505,26.539999406784773
3506,27.269999390468
3507,25.419999431818724
3508,22.26999950222671
3509,24.079999461770058
3510,22.14999950490892
3511,30.819999311119318
3512,28.029999373480678
3513,30.099999327212572
3514,24.969999441877007
3515,27.389999387785792
3516,21.009999530389905
3517,28.96999935247004
3518,26.64999940432608
3519,26.199999414384365
3520,30.35999932140112
3521,26.94999939762056
3522,19.86999955587089
3523,30.739999312907457
3524,23.519999474287033
3525,26.429999409243464
3526,26.559999406337738
3527,23.489999474957585
3528,24.77999944612384
3529,26.509999407455325
3530,23.829999467357993
3531,26.09999941661954
3532,31.729999290779233
3533,19.259999569505453
3534,27.979999374598265
3535,27.469999385997653
3536,31.279999300837517
3537,25.799999423325062
3538,28.479999363422394
3539,27.399999387562275
3540,23.46999947540462
3541,29.519999340176582
3542,29.70999933592975
3543,28.479999363422394
3544,24.499999452382326
3545,25.469999430701137
3546,22.42999949865043
3547,31.67999929189682
3548,31.619999293237925
3549,28.239999368786812
3550,30.929999308660626
3551,27.669999381527305
3552,23.149999482557178
3553,24.609999449923635
3554,19.94999955408275
3555,21.429999521002173
3556,28.099999371916056
3557,25.959999419748783
3558,32.16999928094447
3559,29.309999344870448
3560,27.829999377951026
3561,24.299999456852674
3562,21.789999512955546
3563,22.209999503567815
3564,20.169999549165368
3565,15.949999643489718
3566,24.889999443665147
3567,30.769999312236905
3568,24.099999461323023
3569,26.25999941304326
3570,31.539999295026064
3571,27.709999380633235
3572,33.56999924965203
3573,26.309999411925673
3574,23.19999948143959
3575,34.289999233558774
3576,34.00999923981726
3577,24.459999453276396
3578,23.229999480769038
3579,24.86999944411218
3580,21.529999518767
3581,25.229999436065555
3582,27.679999381303787
3583,28.15999937057495
3584,23.909999465569854
3585,25.879999421536922
3586,31.469999296590686
3587,31.40999929793179
3588,19.819999556988478
3589,22.989999486133456
3590,20.689999537542462
3591,23.529999474063516
3592,31.40999929793179
3593,23.089999483898282
3594,22.949999487027526
3595,30.779999312013388
3596,24.729999447241426
3597,25.379999432712793
3598,28.169999370351434
3599,29.829999333247542
3600,18.579999584704638
3601,27.429999386891723
3602,19.89999955520034
3603,21.059999529272318
3604,32.429999275133014
3605,26.769999401643872
3606,28.029999373480678
3607,27.979999374598265
3608,28.599999360740185
3609,29.369999343529344
3610,28.61999936029315
3611,30.649999314919114
3612,27.99999937415123
3613,32.55999927222729
3614,28.639999359846115
3615,31.239999301731586
3616,27.709999380633235
3617,31.969999285414815
3618,30.769999312236905
3619,28.179999370127916
3620,29.329999344423413
3621,28.649999359622598
3622,34.95999921858311
3623,30.969999307766557
3624,26.319999411702156
3625,29.81999933347106
3626,24.349999455735087
3627,27.859999377280474
3628,26.75999940186739
3629,31.17999930307269
3630,24.97999944165349
3631,31.129999304190278
3632,23.689999470487237
3633,34.099999237805605
3634,22.3899994995445
3635,22.129999505355954
3636,34.6199992261827
3637,29.43999934196472
3638,23.789999468252063
3639,24.679999448359013
3640,27.669999381527305
3641,29.00999935157597
3642,16.22999963723123
3643,29.889999331906438
3644,8.199999816715717
3645,30.489999318495393
3646,26.60999940522015
3647,28.749999357387424
3648,30.459999319165945
3649,27.45999938622117
3650,28.4199993647635
3651,22.22999950312078
3652,31.959999285638332
3653,22.599999494850636
3654,17.03999961912632
3655,30.35999932140112
3656,31.75999929010868
3657,29.5099993404001
3658,28.34999936632812
3659,19.119999572634697
3660,28.38999936543405
3661,22.259999502450228
3662,33.6999992467463
3663,22.759999491274357
3664,30.149999326094985
3665,30.849999310448766
3666,29.579999338835478
3667,24.179999459534883
3668,21.479999519884586
3669,31.299999300390482
3670,23.749999469146132
3671,33.2399992570281
3672,26.21999941393733
3673,33.10999925993383
3674,30.499999318271875
3675,28.4199993647635
3676,29.929999331012368
3677,31.699999291449785
3678,30.079999327659607
3679,29.97999932989478
3680,25.44999943114817
3681,31.01999930664897
3682,23.329999478533864
3683,24.429999453946948
3684,28.50999936275184
3685,28.299999367445707
3686,32.30999927781522
3687,29.989999329671264
3688,20.269999546930194
3689,21.589999517425895
3690,24.81999944522977
3691,25.75999942421913
3692,25.659999426454306
3693,27.87999937683344
3694,27.52999938465655
3695,29.85999933257699
3696,24.949999442324042
3697,23.92999946512282
3698,21.869999511167407
3699,25.98999941907823
3700,15.75999964773655
3701,31.079999305307865
3702,32.319999277591705
3703,30.86999931000173
3704,14.159999683499336
3705,24.649999449029565
3706,30.469999318942428
3707,21.289999524131417
3708,29.959999330341816
3709,28.829999355599284
3710,25.459999430924654
3711,27.669999381527305
3712,34.88999922014773
3713,32.1499992813915
3714,33.60999924875796
3715,34.66999922506511
3716,29.74999933503568
3717,32.88999926485121
3718,30.989999307319522
3719,31.48999929614365
3720,32.469999274238944
3721,23.73999946936965
3722,35.109999215230346
3723,29.839999333024025
3724,31.659999292343855
3725,20.199999548494816
3726,24.619999449700117
3727,21.909999510273337
3728,31.17999930307269
3729,28.84999935515225
3730,24.809999445453286
3731,30.54999931715429
3732,29.409999342635274
3733,25.39999943226576
3734,19.429999565705657
3735,18.809999579563737
3736,31.539999295026064
3737,29.23999934643507
3738,25.0899994391948
3739,25.359999433159828
3740,26.269999412819743
3741,30.419999320060015
3742,27.389999387785792
3743,28.209999369457364
3744,30.39999932050705
3745,30.989999307319522
3746,29.35999934375286
3747,29.109999349340796
3748,24.839999444782734
3749,31.709999291226268
3750,28.46999936364591
3751,30.469999318942428
3752,21.44999952055514
3753,33.019999261945486
3754,33.80999924428761
3755,32.549999272450805
3756,28.57999936118722
3757,28.80999935604632
3758,23.11999948322773
3759,30.90999930910766
3760,24.139999460428953
3761,28.719999358057976
3762,29.499999340623617
3763,28.139999371021986
3764,34.95999921858311
3765,27.009999396279454
3766,31.389999298378825
3767,30.139999326318502
3768,33.07999926060438
3769,27.739999379962683
3770,30.179999325424433
3771,25.32999943383038
3772,28.73999935761094
3773,35.109999215230346
3774,18.329999590292573
3775,23.089999483898282
3776,28.759999357163906
3777,31.929999286308885
3778,32.159999281167984
3779,20.63999953866005
3780,30.489999318495393
3781,27.60999938286841
3782,26.67999940365553
3783,30.459999319165945
3784,29.609999338164926
3785,24.929999442771077
3786,28.14999937079847
3787,26.439999409019947
3788,29.889999331906438
3789,23.639999471604824
3790,27.479999385774136
3791,27.359999388456345
3792,29.5099993404001
3793,28.609999360516667
3794,26.579999405890703
3795,29.959999330341816
3796,32.44999927468598
3797,30.699999313801527
3798,31.269999301061034
3799,25.24999943561852
3800,29.639999337494373
3801,24.419999454170465
3802,29.77999933436513
3803,29.329999344423413
3804,25.28999943472445
3805,29.339999344199896
3806,27.159999392926693
3807,29.9699993301183
3808,29.69999933615327
3809,30.70999931357801
3810,26.91999939829111
3811,28.289999367669225
3812,26.849999399855733
3813,32.90999926440418
3814,34.89999921992421
3815,29.639999337494373
3816,27.37999938800931
3817,29.409999342635274
3818,28.649999359622598
3819,26.499999407678843
3820,30.219999324530363
3821,28.979999352246523
3822,29.07999935001135
3823,32.899999264627695
3824,31.389999298378825
3825,25.839999422430992
3826,24.81999944522977
3827,31.689999291673303
3828,27.56999938376248
3829,23.569999473169446
3830,30.55999931693077
3831,39.38999911956489
3832,27.449999386444688
3833,29.299999345093966
3834,25.069999439641833
3835,20.999999530613422
3836,32.509999273344874
3837,29.599999338388443
3838,30.20999932475388
3839,32.94999926351011
3840,30.469999318942428
3841,30.08999932743609
3842,25.40999943204224
3843,29.029999351128936
3844,35.54999920539558
3845,31.539999295026064
3846,31.999999284744263
3847,28.289999367669225
3848,29.03999935090542
3849,31.939999286085367
3850,29.989999329671264
3851,29.23999934643507
3852,29.74999933503568
3853,26.249999413266778
3854,25.70999942533672
3855,31.689999291673303
3856,29.489999340847135
3857,37.33999916538596
3858,37.159999169409275
3859,35.769999200478196
3860,38.59999913722277
3861,31.21999930217862
3862,23.749999469146132
3863,30.699999313801527
3864,30.179999325424433
3865,28.479999363422394
3866,31.459999296814203
3867,30.369999321177602
3868,27.349999388679862
3869,26.079999417066574
3870,23.829999467357993
3871,22.369999499991536
3872,27.009999396279454
3873,28.279999367892742
3874,33.18999925814569
3875,26.829999400302768
3876,27.329999389126897
3877,25.969999419525266
3878,27.059999395161867
3879,23.219999480992556
3880,28.289999367669225
3881,34.759999223053455
3882,32.36999927647412
3883,28.88999935425818
3884,29.789999334141612
3885,25.939999420195818
3886,28.879999354481697
3887,35.689999202266335
3888,27.429999386891723
3889,24.449999453499913
3890,29.38999934308231
3891,34.57999922707677
3892,33.71999924629927
3893,17.65999960526824
3894,32.05999928340316
3895,35.57999920472503
3896,27.4999993853271
3897,31.389999298378825
3898,29.489999340847135
3899,26.119999416172504
3900,34.289999233558774
3901,31.399999298155308
3902,28.919999353587627
3903,25.929999420419335
3904,30.919999308884144
3905,34.1599992364645
3906,23.19999948143959
3907,32.95999926328659
3908,39.35999912023544
3909,28.80999935604632
3910,34.6199992261827
3911,34.82999922148883
3912,36.539999183267355
3913,32.319999277591705
3914,31.049999305978417
3915,39.02999912761152
3916,25.309999434277415
3917,25.98999941907823
3918,32.3799992762506
3919,37.82999915443361
3920,33.13999925926328
3921,32.3799992762506
3922,32.669999269768596
3923,33.76999924518168
3924,24.04999946244061
3925,24.379999455064535
3926,27.039999395608902
3927,29.369999343529344
3928,26.809999400749803
3929,32.07999928295612
3930,31.849999288097024
3931,33.289999255910516
3932,33.87999924272299
3933,27.25999939069152
3934,31.689999291673303
3935,33.169999258592725
3936,35.31999921053648
3937,27.269999390468
3938,26.009999418631196
3939,30.739999312907457
3940,23.85999946668744
3941,26.199999414384365
3942,24.97999944165349
3943,36.01999919489026
3944,28.279999367892742
3945,35.379999209195375
3946,34.599999226629734
3947,28.42999936453998
3948,30.55999931693077
3949,26.6399994045496
3950,24.699999447911978
3951,26.02999941818416
3952,26.579999405890703
3953,27.209999391809106
3954,24.43999945372343
3955,33.42999925278127
3956,26.75999940186739
3957,28.019999373704195
3958,25.279999434947968
3959,22.259999502450228
3960,29.299999345093966
3961,22.019999507814646
3962,35.489999206736684
3963,28.84999935515225
3964,29.139999348670244
3965,32.72999926842749
3966,24.459999453276396
3967,35.84999919869006
3968,34.92999921925366
3969,32.33999927714467
3970,32.399999275803566
3971,32.239999279379845
3972,30.119999326765537
3973,27.349999388679862
3974,22.69999949261546
3975,31.539999295026064
3976,37.52999916113913
3977,25.969999419525266
3978,25.39999943226576
3979,31.069999305531383
3980,26.519999407231808
3981,34.27999923378229
3982,32.16999928094447
3983,31.129999304190278
3984,32.119999282062054
3985,33.31999925523996
3986,30.90999930910766
3987,27.329999389126897
3988,23.949999464675784
3989,33.91999924182892
3990,27.56999938376248
3991,33.83999924361706
3992,24.299999456852674
3993,34.449999229982495
3994,35.19999921321869
3995,22.089999506250024
3996,28.11999937146902
3997,34.599999226629734
3998,31.549999294802547
3999,30.719999313354492
